mobile_phone,password
6809139011,$2a$04$HfRZxxtZloNE3DPGd09oQ.eRmGyI3N5hKwW6FovxyoNPllcyLz0Iu
4608727528,$2a$04$2g6zqOriZQe.O1CL79Uwq.Uo89C/EdAH4U3xoG6HeANFZiLDzPVmG
3299547834,$2a$04$tPwTwOvLPlj6OdGRGfpuAe9s0VuYfLJbdLyf0tRYie4zcEwynrZpe
5226746890,$2a$04$3MBemWEAi4ZknzPDWq.K8uuQtjVWiw8mGeloKuKIVNI0huTvSABf.
7255965174,$2a$04$BCgxdm3tUb5CxSPbSC8Ds.XSaDTQ5KPJkBoQknf9qsuNPbvnzohqO
6641417803,$2a$04$Cd1I6RkIn/CpbsQ.4kpwIObMjo22ldfZ5HGGosAHSuIAI2wA0YeqC
1522009420,$2a$04$1QhmlDQ/RHS75sAjPmhv3uuXfY3avXMIZShov7LWsmO6GX//4O2iW
3534395531,$2a$04$yu.yEl9LZ9yRwruhTfcaLegXwoqSkV1bOcZqOaInz9IsELluQdvK6
1258990312,$2a$04$jPtxA21TwTz4/5zhuJbjBe5BKhLTbNRSgYKzERZVxC57VSajCwWNu
5312906347,$2a$04$1d3S/XiFbVM6ee8oLgCw8OoEzLyIdSfbdF8xpyT2WRcEFJPwPP1UW
8307877692,$2a$04$tZhqNcygyVr6aZbziP8VvOFP8vgGgEHD2bHDNa4lDsRmc9jqJJQ.q
8313272748,$2a$04$XyCl0CJBonwvrQTLPshDHeJLSRNlH/tVwFIqLwJ3sF6lApImEiSV6
1449798687,$2a$04$IIBgd6NJg4eKB3ZcS4.IfOwXOJ.2dqnK7H7LcNeLX3tuHMagHDDiS
9432852474,$2a$04$38s/wz3z/6TRYgjBOJJ2kuij.bG2wM1UBFwLREbdlZf47HPynbbsu
3508914983,$2a$04$HFlUgLT0URWFTZ2PsejZu.8We9kNixoiEESCXqvAGv49f6Viozxky
6553124982,$2a$04$RwGEYZU3Z9Njsz1UYnw6s.AA81Tvn1NXmgTxext/uYtnJ/m8.uTOy
6749770597,$2a$04$yug8lZ3Coq/hIRj0SXXE2egXr4IqiRPZEc20S9Ji4jklqmSqlmn4m
7465054931,$2a$04$O//n425/PGToovfZUlqLKeh/FqFNPxlhfQDKQI3lNJzMg/Q93B/IW
2087331624,$2a$04$i/bbbNR5lbQ5yDRzCvy7ue0sDGo4FIJqjNyTZhHcQ6rxCDHYCMo0e
1776406315,$2a$04$WvzXXKlCO/azRMvTtR.YWuqv122JELpWvp6mmSg/GHGUiMwPNvO7C
3231395698,$2a$04$Ti/qDcnC3KY9BGL.3Hyz4.qKiYTEYvcrTSfISGNVjXG7jbkuxYUqi
4869079757,$2a$04$MxdEOKLx3/GgK2wn.UNNNuBPoQyWxNq5PsE7sC7kjCM0dzegNwsg2
7795545782,$2a$04$CBpNf7igiED/Dt9RschAP.mYGms0A3bxzCH4gHSzIvANajVD6J46m
3455866186,$2a$04$N5g2P.cknBr0JgbjQf5rjeaXzUgTztdoDle.ZTm1SDm.1NRLxm.dC
3676380091,$2a$04$2C5SL2QDWlmsqwGgNxYpeOzgNSOgUBK6tvO1kUf6STMZ/YFsuuWtG
1238773555,$2a$04$VHw3i6LYR7Hc.8tlrrFjy.JAEIhGHu0MMgLH.uL3PlxLuiUe0vVSm
4152612771,$2a$04$3oXlceyEBRhp4klDXN/DueukVJspB/PfsPMfh8zY2hfVNam4biaOG
9351225550,$2a$04$.q7GdUugQVongb5Ews.1OubxlUdHlaJnTyWG5g14oUbcTnUDTt9bC
2505941223,$2a$04$KeNOvoB0hB/M4.65Tgpb/.eUlfZdomrqA52oxfGKv.xTv/Sz5D.5u
6486186911,$2a$04$RgxdGrHhLoqx8Em5Hq1Hv.XYZv9G2LawV4gZyaQXSsJign480agz.
2492001727,$2a$04$M4HYSfjGNsIQaC5gpWnLZ.ObHTMNxwGwEPfhIwCxoJzrsX7EpidpG
7674630225,$2a$04$0kwOrscqqu68/dnPYORV/eDmuL4UbLkUVVVa.OGeD2iT3dy20hLKG
5788312266,$2a$04$Vg9hKPBwFDIYCcuXmXipn.A6NvFZPHM86qh.X.z0pixSHUEtmLmIG
8665984856,$2a$04$K4PcNjQJnEZWCyJoOShnw.I7sCVJURXDP9ud/4NglD6/uHof9rVDC
8421930029,$2a$04$WAe6sXYX2maXaD3LLndEx.ie4dcUQlUT0D7OsvC2xhtx7oXCZVnAi
4633931480,$2a$04$KeTyjdchm9Q4hgA.sakvBuf9d5dhasHsnLMU/2ifg6Sw1Poj66En.
8451148031,$2a$04$9Lyw.wVdjey9zHzVA44BOuCmGzslDYlNheeK4uhIs39izIy.TwBHW
5729928488,$2a$04$Tn/C8LC3.qeFeJEs6UDacub6623pHSuTvtwEWnoWKR7Lorjp3/FRW
5764858867,$2a$04$TvZ0RIJwZwZHzkjdclgYeOhOQfiU.TJKZNM5sbVO8.SSLqgKOcD06
1011535317,$2a$04$dec5gdDmA1GVHvGUuVN/suGkWWo8SHAz5mHMBr9JTh4DIMVx7lfrC
5192917846,$2a$04$QZziEOJD1rrQRJjjEbej9ec94BhAVRL1gdLJNd5c46MhI2Nmj8Bny
8448125385,$2a$04$JLk6OsIHLyipsylZZERaJeLg1i0CdrnGbR4BByWb/Gb575SkMDgsy
3592922179,$2a$04$fjVEAXEV7tEIT1TlYSieDe64abpKQg/eWx2QEeJ6X0J1rqaUdYU5i
5314901363,$2a$04$SG7Q5.k1DZHV/RNEyjX0UO1fGS0lt7qU0CruyTn/zwl/1aiB7aXWm
8114025440,$2a$04$RN.XwI4GB1LOrOK5uTrrH.tizYcWV3oFZAxMd8g7LOn4Pk4BTvihq
3032847974,$2a$04$WXjmoThiNKTh1uG1NE1cq.AN8tB5lYrMN56GqERQtnYaQqEFAjG4.
8027301154,$2a$04$cJqW4TW3oKmhE5k3RRNXauYMQIiPFDAy10q6vxcQNV/HlMuw1HJfu
6099869226,$2a$04$KdBWKp7OGg2SEjyxKIpXX.jV88qt2saztdH5V0uGTnEXdoV6sYRQO
8044888956,$2a$04$TOC5Y/MlCC8YpU9sKO.iH.ND65AmY4JXadL9bXomwr9LghqAuoRbm
7232483159,$2a$04$eQyz1QjVX1mKY9DYi/Maxuc6odrRGrBE0lbP/7XMcifsa67Vzdtw2
5628770352,$2a$04$0jxkw8DFPMLrAJep3QpL4OqBXuvpjnKa0r4NukjshhRb9yjp17rDy
2468204506,$2a$04$fZuxOHyUdp9r0lmhC5O4d.AagxUz5KdjDSbM4VLIoxYdHEuCP0x0O
9193615083,$2a$04$rCl3aHV.TOGjRV52rMwKWOiq44I5sbt.bXgHUxbqvs49/Pg1jNawq
8895614338,$2a$04$VXetiNjSSPhukQus3bF77ezXfZhjXLHl0GLwd3Bw3PjdpDnSkQBMi
6151678661,$2a$04$UesdDHaxLcO/XFasRXR9Qe0rif4kxGpjvuHoExQoCo.VKoxaWTkIO
3937508599,$2a$04$JAf46KWViVcvWloyrpMP.uXwTxw565fFVAaiHLWm0bViYEBb2h/jK
6384898461,$2a$04$PYT9aQmKHI0lLM6zejTYhOFSpF4XkIny9rBzzeMKI7AhSK.tkoME6
6421072641,$2a$04$wtupUf8WUvf4bWp.MBNube1KSLgXO7ZAWVimKLKbZWBi9IepwIy4q
4774915170,$2a$04$v9KjU2odLD0YNy35bSY.QOH3uu61cJfWVe6Z.Ulm9We6nmUYWlldC
9407266033,$2a$04$pMYoNXab8.VXEDwKAy1Kcui10/gT0RY8.d0iy/ZLLDCnNpZqE/lGW
8061032109,$2a$04$9Ge1X2SjSjpH8SD5iKO1VeOkNhHPbuplFDcI0bHxdeHFMXpWxDhLC
3189291719,$2a$04$Tjoze9fmM4fZiWo24RIN5u1D7D5HBezYld6jfgQAK9XRayUbMNSsW
9416285672,$2a$04$gwrLJ6eO4r3LvDvxxjw4hOpz7Cjbg/Vtz615eqJTux.zdBIM4.yAa
2569290752,$2a$04$E7TWm28ObB8wZ/4MvP991upDQeZ3GzjDCuPkiyWmdY87daUTpcTq6
4545445376,$2a$04$I/reuHa6pQkV7DeQdpwCYeAY2JPuTgwoCLPeUub0nlDt6JXCJ51BK
6316583458,$2a$04$aH5pFWov51PfWq417zhoDuHZ.p0wTKz/1Kzh1PWEXSzWHzOAMr2iC
8211504585,$2a$04$J7LD5J5gSIy1aZ4OrfUxfuf/GSUX7Ai7cTb6.qV4kqMaYWIhK59Ym
8342502236,$2a$04$FBCdhlSwlo8rN.WEYte7GOlLQdU2GHa4nEfMsLlfx72LLz5lVj4j2
4641968343,$2a$04$EP786Rgpr8Ho8i2WqxTWgutdXHgY2AeG/.uKHiyZeccqiHFxYQ7dK
4965084163,$2a$04$bh2ATJ.xRbgJMQUP8ewNsODGMk811qXNr9NEKoLm1sWF2byYhNCKK
9481973449,$2a$04$n139Wq9QYOGxUWvTZVtlK.a8FTIZ1x8hL6SMKcpbE.ZFvQQsp0UrG
8823202394,$2a$04$Oq0kknmP.SZEKYY33HKMl.9Xp3MV7U5taJb7R/nb7bFbii22Fz0/2
9992581469,$2a$04$Q/FU2kJqoR3o9nohXM6xa./WFCF6x1tTBbmHCFobTg7g46ZC.JeU2
7706122017,$2a$04$ybkgbHMc.jWNUEU99QCgQ.eVe.eWlri9aEG1h.m8A3njBb9rvdHsW
5474157278,$2a$04$dMVDUIEoP91LihB87aIyGeWA4v88NMjOMElp2ORA9etOdkvJnHGLu
1757994220,$2a$04$1QM.WEkIUo6MPbYNAb7Q5OhjicUeRTmntT2fKemOSm/W9VIhAx7tu
3084996472,$2a$04$vhtqJP7RxyxToKsTHJg0v.JF10eInQX69OVyVA6ezipCTEyPtzojC
7714604985,$2a$04$QlJFfP8BCzg.mFnLCj5ko.nrsgxYkGcu/zbnnyDSdfrh0mPF11ELi
7436785289,$2a$04$mQI18k0xg9BKAD7QCFHR/e/ljDe2yvv3QoaseX66FavV5smxid7ra
7348366836,$2a$04$1pYlE/p8jM.xt07d.skh8uylyx9m4cbsKGVr7gTx.q8LbEllyYwcu
6591551180,$2a$04$pEFdbYh/nIIL2rpJvrC6PuiYGsPRjkJcvRRpa2iqh.MA/YLOoWaRW
8411657114,$2a$04$YQa8JIJ51b19FbzQE0UOZ.YMtb0n8P1u7bukZac4pFKMkzODAmJJW
3699925310,$2a$04$twXyYqKOFTD.D.uh2oSkjedQWf/l.v7aatiI/buFu9OJIKsyG21p6
7017548172,$2a$04$vE5BTodz.8ATaQIOfLESEOdnouQx44rvfj3iqVHZy.zUkrl/KD9wW
2332340409,$2a$04$S1Eu9ONyl9Pbid2XCQqsW.rOrhwDVKQX9a3TPQJ6kFb11zIaBrfoG
9706456226,$2a$04$GFBxX60m78bdO7fWHD9pOeSxbRavUQJmnBszzQ1zSjpxZ8s5WUgT.
3163635817,$2a$04$.eKHTkOS3xXQTZDT6qR61.BMlYTmbhBP0TfCp7u/iAJ4SK0ZLBPp.
1745629775,$2a$04$ReMpwfJhiKnpvUag6tcGOuPbYeW6wmEF9yttdzLG6SVO72LlgsUFe
8807748790,$2a$04$QIruZ3msMPTDIgACXnCltO4efX4QZ.W6Uxun4U77T9sF/JezqnFfm
1002961204,$2a$04$GZxJO6343wCxT5u3f8zMYOIL9M2np3ux72W0PMLNPT3FmoVNp06X6
4983288157,$2a$04$2szTvcsJJw2zr0IxPWScCOGUsNVHNkb.CzRiP6tHl/Iw7hNVY6eCO
3195858168,$2a$04$q25svAObHadcevL.4QkK0OK72WRRQHm6ZhFnInLvPcSbDb2iY.hcK
6017170296,$2a$04$SVDzgGEOp3FATc9mt8Mkheyn6FeEQv7ACKAFj5CT23EJCZgE3p1Mm
5538250879,$2a$04$sDxSAylkwHc5Klv33CJGgu6ZZu3hC9G9YJvSohw8hLYGNcyxB.aDa
8128768548,$2a$04$C1hY2Ic.JajQZdEFozx5FOqqv0KcQMHj.7LCFys3IWqApRcQXyB1e
4749250336,$2a$04$mQey.CZwO/A25JqJ5Afu7uK0aBih7eyOyYGIwF7w6CJoM66l8u6Ny
9803446189,$2a$04$W1J2auCFqsX6i1sqWVMI1.IQlWxCpR5qY5n0HTNan/CPVxMZ5h0xG
4651597583,$2a$04$hUK1bRIHTdGXx6glhpniGui3shqlulm0Kngxi0tijNWNTim2zJxXO
9582095383,$2a$04$/lN/YGKyVTuO.nhGjY8BluSX60.ooW4kJF1Jhy5Y5H587x/KzjNei
1553024620,$2a$04$DEWomKC3sTN1FCT.GxyAp.2vRJy1VwO3Am.Jws73WNmIBBGTe6yfW
7314845041,$2a$04$ZqVWuTt/jC6REhOk4eREhucRoXUJhjljAXbnG3JgMPuXTMNPLA1Dq
4396500333,$2a$04$9O8op/LIByBv41NmBINF5OQgMCLpzDD/s/9s.Rl9mDAOAqVdJIAbS
7219083359,$2a$04$a.YcGzckG.79BN1Od/6ysuCNDzmpuHFeeFej6GYYetIR1UbO10OlO
1443806263,$2a$04$IdR2uGyNt31kMA3qKcU/eOqnQMCsBmwagKaDUL3ho18lnr6hTb66.
7705247108,$2a$04$bqvbZGkVY/7xliT3Xil7n.n3OBgTOPdMhaDtGRLBqF1i2GcMasex.
8637585073,$2a$04$oXgl7JOOLp14UgNJcwJobuY/hRp9k8G9Jne.mlGhHyN53DKVxEEq.
3215146884,$2a$04$TaY7w7wItSxXU4rSEwwX/.cSDIT0qa1pEuu7b7e5IKPCIbIimj0Gu
1295274788,$2a$04$ypYci32IVeO/tzmAk7YSg./f2YKKdX9At/zQdWTk1pqBE4taZmd4G
3932703195,$2a$04$XCC7iqTsqo0d9V8ekeNEh./NmDgLLssQbX16GyxVZeF/Egu61Kr0C
4316516805,$2a$04$sMdtAqiHZas3Y06fa7czpeinLfMoHiItio8fEJMRcURe8qpfo3WX2
7125737569,$2a$04$DkTX4fYl0ekmNB4oB2bLKeYzon5K.DKWn5C4ddRE1ctOoVuvRpzPi
5376285073,$2a$04$rYraJsirv0n.L9iNGsaIwuH1Rz15OX1B3/kxnqOQQeg2H8yKP5m52
1219440220,$2a$04$2AmU.m63b44zyijh.uW31.WsTAUOYNrJgHgeP9pejs5e/zBYNcX2q
9561341890,$2a$04$XiQBCBS8l0YrtU6UM3mmYO95SOxqN0XxwXZx4m1bBbQbatSPryIJ2
4392329394,$2a$04$AdFerEA1rGT3yIogjrXeOOFVtHkgUsPlleAtcwfudJNS8olA/fXv2
8801398681,$2a$04$mkfSIH/Tm0mkAe/u04.M3u/y/D4f1j.aG86D1/TTETxZshkv1A622
2526102897,$2a$04$B7Bmm8tpYwCho/1G01N5CugV5fz7nQY0gi2Y.LIrb5ZTneWssebs6
1232022047,$2a$04$tPyccbTmjH4zZBeQsu465.Dsj0WkNi.JbCK/GpWQLs4gOOzV0kDkq
6227155932,$2a$04$tojI3JwiU9ycQvkuSeEogOHGROUoFFn60S9WwDWmzuDhpjVkDVKGi
4996989011,$2a$04$1zzPi2j0IIyXMnvmZ4lP6e0Ao.rpznBgeURv14CMyEAEAHk2BpzYG
7016839698,$2a$04$m0uxRYRHXlaLGQUa/kHFbOZI/jgSs.xtKIcFrRpLv1EMNfuvNXOje
5844679173,$2a$04$NgKBKYFZUmAd5FNJo.rs4uJBhvcjtXfQrzoAYCwf2FGelHxwyroCK
8083182054,$2a$04$zWotHOeZmPHtODfCjLkB2u1HrImLVL8nq.tZThVP/muXzkFqcPaI6
5403839073,$2a$04$13VH/1olXlkyi.Z6w1mpMeNkNktqHATry/eJYE3dzh4Q8xhoISXYy
3582092797,$2a$04$Oqd5o7ZvJt24NbxlYwC1COMxCcBaY12/ri/JWbjPNJvNHs36sDWtq
6236829172,$2a$04$a/fID00JehSMdurWF9LPAuR5R1094TfjFErIMMm9zM.iA966yl9dq
3091014668,$2a$04$1PXAuxT2yCh20jjS4gfMCOaeMqgYuluDK8PFYsVxkvbYE6xgL6xIq
4951793367,$2a$04$TYnrXR4b9SIGT5xC1bsrMe9TamBZhOtIzhqOdsoa5nYpX7zK/PeqG
9133302544,$2a$04$bsNB5IC5TZTzyTdwZFvDmuU9tryCLAAA.Eq8fajCHY3iwX3EXuDxu
5899730519,$2a$04$Gxi2LBb3FNMkCzMFupsGCuMTbHnb24SqcMeUy/JyP1iXGX70x7WCi
4923038751,$2a$04$p3BfbSNoYGkPoU2dB0jhQe9SZRPQZ1v76Li39e8WP5Ze3gsZ7kXp2
4854630220,$2a$04$mw/GOtKSHRLk4B87BCjenu77NnjEceq5q0pgu3XqjsnqSqJzPg9Ym
4758183320,$2a$04$da0WtqBkwJZXCd7NuoZ9DOsmKPKcWF8CjY9w1C/4lc.Aw78I6Yk.S
5809409683,$2a$04$HLyCNouXNGB77/t6KKwSNORaytF5YGXyGY0rrVaYWe2mrmzefK59W
2836091480,$2a$04$owjdfpQot8FAJ8TydNIIkOhXg9YI/QTxuBCANF/oXqnUcLmPR1Wya
2935289726,$2a$04$G2de4z/MbCJ4ooWH6Pzb2O.ahIykpeiVJNQuzHZXwvUYAcnht.S9m
1769514877,$2a$04$q79vU570fOQPRjRkjXJdDO3p6O8V55zpW2Xv4g74fvlihMpf8iGGG
3422343122,$2a$04$GSRAwbID0QtWimHTN.MIj.kjfm0uS.zWMomsNMhwatEF.bS4AJ6S2
4845118107,$2a$04$LjinVMl79WhxCrth9e/s9uaNvm2fOzBgHJ8yZ.MeOZ0A98z/maGDS
6961651341,$2a$04$bfWiE8xMSIpCTPZ3LqRIXOSuyNNWzG5OEXxJ8mzk9npJLHmNtlEGG
7184173697,$2a$04$wx/UURfXgmt.tw3SQ3aa6e5Yx10Lyu/1shGwpj2MnX85g.FrGhSlS
8849003313,$2a$04$wqGo.JjInSb3dwHWv8m6qe/..b67lY4CTs6lJQ6YEoKdPWFYoPS2G
4831315431,$2a$04$GoSbgL/CcvSEVyXke6EqOuxRoHqXAS/zM0KHmq7eiVVNz570Ii1j6
7764609321,$2a$04$Msoqd6C4AS7mGP7Zbz4mOuRFK/ynPyjjoR8SqyuIPx5g77RhQee0G
6349515467,$2a$04$uZ27uTXucri0gcoknE2V/e.P3U4Ak5V5E7rK5VxKdLo3PY8lTbGwW
2557951190,$2a$04$/77UTaUN79izah26774hxOXAOxnlGcWGQ.BXpzwdG0kuYbW/PCh/e
5317690096,$2a$04$wsrUAeV7Y4T9.4NcbF4iDez1/FOaq6p/S7SSXCqvBs0ItKhPkFkFe
4851913352,$2a$04$t59289xGWpsIA.GNZyDfI.7n38qDvXpz1aZAt2und0pAdUOduUwgm
2744683905,$2a$04$QNO7yNhabVQvJBHImN643Od2YfbPTsJtdCtQmFFcb8Wx4LTFzC/5e
7675589692,$2a$04$A8o5i0OTpjtwULdcOeWN0eiomGsqb4XUaJm4Igv/aJZsxQD8Ef16G
3838040794,$2a$04$u2U4hxhd.OuI60nfODDQ3OQ5YpRO/oTuqxrduHA5D8SBfQa8.novu
5958969978,$2a$04$NAHCj19Wtclb9/4Cho557e/UkD8DixaYt08HI7iBe6n3Pq1.klfGS
7191305496,$2a$04$S9LD1sSkv6.9O882FoRs6e037Pia12H0F9OOQtqrSKYzO9RgE9pLe
2638209590,$2a$04$U8krihau1QPzJLRG2gHR5uMZS6krzHDfiPodsAqJ5XjLpdCirOFHu
4107946449,$2a$04$j1Q//.DCg.y86RRy3T5QD.1mTIxH2Ru4LFws4SZwydtblL5H3aNim
1607722600,$2a$04$qaeWeoPP.aQHTujBKlK9IOIBAAmwlxuYoJ40KGX.k3AfwDXZdIObO
3534626039,$2a$04$mHm5INUsVeG2ppb8X08Tb.6kwd20.FPzj8VSjKg2moJ0IJjD7rgaS
2621399762,$2a$04$rLVzCnXXbKRG81GHIPMRW.EQH6Xuw46Wppdc3xmYXO7uEoykSrx2W
3203006488,$2a$04$jRlBq0D8MO1UWp2IyLAVRe0LXER9z7dUikVSBi46jKzKPrW1gkT1C
3529413215,$2a$04$PZqGOS7VE4yFpeFyr3NZY.W2.X/eR4ltLnwUq9V03WhWuXKKw4YAO
4521548950,$2a$04$fNqE3j4MyMiYkxEyC8Urh.Fa5pZVQ9Ah/IR7kJ88cvdiW2PFeqAIu
3101221995,$2a$04$vszuQHleNw9h5aZOOdfgiel0IWnWPYNDrqDpnnhxI3bwPNRWmasoW
4974817985,$2a$04$UjhJRm.NzJswboOtFeh7MurGLsbkK6.8jlzD46agGj3Wc5kiex1Oa
8004572205,$2a$04$rwHafxGh8N4Oc98R1KeICOMQYMUHkrFnx30Y5N0REGIJOxTKfyOYu
2509292753,$2a$04$kBQnh42Ooy2m2sBCVkyOzeGsF2ft3Jbc15lEaGraEU3AiUSq.8yJO
7826604313,$2a$04$CQ7Fwb47sQo0w7/IvgrtHOw22NE7r1X.PuSdrTlUXafC2q5sb7vhe
9038369092,$2a$04$UWazN7.OHljEMckhIyRZmOks/Q5nhcWXIFN9CjFcbElVRG09q6.yO
8141315681,$2a$04$bGyUYdag3lzRzJRgTpTj2Oi1m7LbFqaNsOpWwE3UsWkV30lACID1.
2457954555,$2a$04$BYxpjtuUvrbGrlKiS2pPdefT6RVfKCI34uL0eHXUoRx/MerOf6LNu
1211807117,$2a$04$M4CbOPW23cPfQcah21dPHenv/PB8lUUJU1xqDkOziz.nmbAI03MjW
2647316111,$2a$04$0bavnDxW3HRrmpmSJBy/duHDr75ZxmSIj2.J4xs6Rf2pukYgAYM0u
9967322028,$2a$04$TBA2lPqWVHjc/K3MQyjuj.pAcmXkG1rPHNS4U22BJBXKqiKBKQexa
8882768549,$2a$04$PEw2iU3.2mFV0hpGQsnZ4uPWg6Luyd1fNyUBF9OxFl06pvgoLQDWS
5942120761,$2a$04$Bq5BYNa6s.lfLq60iW19buQHeR1KT/HqymKea3ajA6.auIYj/I2.2
1234763320,$2a$04$ky4ZI6OCECKWfosqxsF/qOgFu2nOaE8nVlFOoJzX3PuGifIqItlQS
2296926320,$2a$04$AIpvXwkGKHqVaDxEpOgOcO1Mq/hMV406fPqTyZr775TFXd5Gg83qW
1514647999,$2a$04$ejj6xN/c/nO9mAuPGhL92OXywtdt3bEP98Xk92dV9nzEw8E1/S6CO
1543386734,$2a$04$biLVu2EnA7Ph802IZ0G8.e6sP4lCTdkt9trd/Ua3gegunNeGkn70q
7061993989,$2a$04$.kC7ZKGYrjIZIbj2sxkeWeQ27Sje1ZJpQMkvaKR/3mx0pGDYYRvii
4957929276,$2a$04$u2OegovnpQPIDv7tvP8IwOTpUw7j77BqtlYqmvBlrKq7PjekQb6bG
7637754257,$2a$04$dkLWT8ZiiLbeM7GSWP0Hn.p3X8jD.OoQycBkXapJAiyZ5UVmg1odK
7782288518,$2a$04$Cz71PILDGw92JEp8cu5KQOBe9jSOmdDYgUUTmRwQKmZY9IDGGAKgG
9573941950,$2a$04$07xGfCBpeGagv8dokZFnMuw.o4VhdWRst9xW0FFhF0eVx1op4QJhS
1366139829,$2a$04$R/9ryZecH1kblr6W9a2xzO3Mq0degciTrEGMP0S3VWWuIEnvgGgVW
1658930665,$2a$04$Wq5ckAZEHsXqk3z6YR619uBxD39GMkkWCLOg7CHH6H36O9OIeBsVW
2911952266,$2a$04$JmaXzmlIuvQg.qNp5B1keuXy8YHoNRClPj7H3H6LMQACrBiBY1EWm
2188387918,$2a$04$0spAZG7PQUqCNcTcayzW8.yC8CPUA5TzSKbtChcUdtM8.WuJgwdN.
7884589740,$2a$04$hZcQ2wWqEfFsMj4dH0qYkOFtT3jSwMPn4Qw.mcGoUOKEBweevZ08K
5864536894,$2a$04$6rA2gqMd8BhoPEiHF9F7OuZ0U2cUV3DZQG/lqVuaOTa543Lt1E/k2
8419881589,$2a$04$WlIZ0H1HNUe2beyVdzdCEe48BsdATdcziytCimD8QylwiW10sBi5e
9911632772,$2a$04$m4hO43RsXwfZuGImHD45.Ol3241HW7c5Vh7YfizijelKIb86N.tsO
1459941078,$2a$04$kza5vtrqw4/M4pTDQ9EH9.bIN3jrMg6zUboz3Ibc14R4D1rY4cNeS
1632279378,$2a$04$qTf5XGWjXlH/rm/bF2kdcuWzjnOrs75r5KJypFslez0lMh4Axz5nu
5468962437,$2a$04$Hye5OBdoAzvhK0PONEr3oeujcIMKtcRUMlo3krNgwuhYk0Mfv3dmu
1203017611,$2a$04$Kq.BaJUyC9hZCrmZoJG5GuE/g.mUUgNH4B33/euaB/eY7NBkOv8HK
2848280258,$2a$04$.MCdH6RRU9GdfMRFTyecM.3dveda7gTt.FCk9MaxYA/u7XbyS4ryK
7109650783,$2a$04$K0YGPTUB2lQ93DFFNfl2tePFu/3e6WvqRKXSzd87xP917IfVfgpom
9807304037,$2a$04$oaCTBJZt.sZJeJER6kvLjOlf3SVfP1ZqHEXi.DkIU50uwdwMp7B7m
1451326974,$2a$04$jdzxl4Tsr3EEqKD2TpbrpuOWgN0uBb1burE/9PYMNCALwEM2SueLC
4717772845,$2a$04$1KfpGnlmeTKMnhSIET.8KOMCrb9BqmBCtjTNhv7wnSr5SroH1/l6C
2572246864,$2a$04$FzZ4cccdNr7xcEH4V3K.0uaTDjKZIFEkiQbulLEOB8dIbl.W/SI42
2073794723,$2a$04$GndDEfaNlMV2MrghAo1dTOnj8Ply6WhZJxleFDVqbCSbUuBCNYufC
6767743297,$2a$04$ZIvkN5LMJ1fNBdcAO92tBe2sOHandKsTnw7ztXMeAvnfw1pyPvedG
2445000384,$2a$04$/mav4H4d0UVibjBOe6CM6ud464pWRqU8zCOD2p3.yQEWBIlnw0WKS
8184604916,$2a$04$b1niobswt4IM62Iktg5tYOjc5mBBiD6Aq85w2M.HsGvSwOH5glj9C
4483208562,$2a$04$khMEe53NHyrESx/jcg/JSeZRd.zs53IljiZz4v9D1pIUs9I8rNbIG
6626851118,$2a$04$nRLnMG8u9pobGXHQ9gngXuhN4GSulbtQM8ORr2Sc8x9ly3yyerLBC
5304663409,$2a$04$vwPD1yBwPPm18c7ZS/zhEuQqA7/7MVygcTY9Bs9dehVOwqMsyE/IG
2855741731,$2a$04$jJM4jw/Q.6g/rzcx8wQYC.EmqJv1s/.2ufuR5rMmNL.f5R.tbnpQq
3036887104,$2a$04$..mwpQxWZuoa5X4xHSx6nurCk81qAgPe9IHaxHcMhN3QkJoRLkQii
6733699901,$2a$04$jXniZSgjAEYDigVyjtRhUu9eWdA08s/XguRA2CxqGmij1p2ewwdi6
2819979531,$2a$04$JajQkthbDvykGl0PEp6nju.mqtd9IYMcuMwIuNP.I6OcFQdxmPnPK
4166471559,$2a$04$wdTuFn.GO/vNp15tVVJmmu5J9oki6i9rnySymrJDHMdPxM8zur946
9299181127,$2a$04$1IoRxfPPBYs7YLty7gEdHeNANLO8a6Y72730oU0fg1uZ.ajWtey7e
9553457992,$2a$04$fIoa0LYpcqWwK4G6Y.NbRug4YOUwqyMpN4.FajaIdjqgCnA19I3jG
9477263794,$2a$04$vPwvtT/j.YrRTiagVf9VM.xRR913wnhtZlVOU.HFjYgJ61ZvYgzXC
8063463927,$2a$04$I8n5k0cTb923bMP34Vu4q.l4.lC0XVTtunKzwoJHxFv.3YR5oZgBe
3368200187,$2a$04$V3OoHUDYbUORQiuP3TNDZ.K9SL40EJkgYa1GCHgPGCCf2MJuPD5qS
2812065644,$2a$04$rPQFesKFG.mw2gZH1jMVBewO4SIF8Ye69BYfr0u8q.6yAS3NrW3MG
2357006225,$2a$04$PQmfEYMu0TujGkX0m/IG3uh/INpfw6odtiwpO6xf02/HdCwlw6IRq
7329283640,$2a$04$IvfgVvQjDtLskJqYJOY5lu/yJSzvTAXwZ4tMxotoiL1ROqamScfI6
5377330316,$2a$04$hXvUPiog//UFqWPaalIDreBhVGvrqQ84Qmik66.xwSNX.ucb4bsN6
2596766920,$2a$04$HwWAJU90017WuKjkpqn01.k5zaQ1e1n6mdR0MJsv6TYh04RJOBBBq
9975070092,$2a$04$TwAhmIsUB.3XxLddX2CnBu7I53rwBchp46FjFWkQaUuiIo/HRVAGK
8891876401,$2a$04$3ev4KhrbPpq1mt24n9tBKuwH.UOrInyRvtv0mf7arRV4EGL9Ty76.
8428119358,$2a$04$mnlkVz3QONdq.e0DaAEI6.zESa/W4R5xHlmHepJVFLXXGUsbWPn3q
1443903370,$2a$04$pqxbtFhgkDWgteVbfwuNeeLNW8UerQvXPVfbpjkRACpMLfhU/NXhG
6043773296,$2a$04$3Vd4p6V/2jkpWyozFXL2aeOVvnuwPM1hAchupmUBFIZKQGiUboCiG
8361137687,$2a$04$qXKjQ0SRjthID9ia6mUKnOrEk0rBiZAt/0i9KyivpKF8Vb6M87IZG
2569281644,$2a$04$gdwhyhUc3B7Ldegit7z/tuGfFsYcoDd0l6NeJ.TzAouFm26XK/P2q
8293301887,$2a$04$VFzHCSkSkj/.y/mtHU5YbOelzAhYiixb0IKW1dtHITyN4SmyBB4EW
6101715098,$2a$04$qDb9vIufc.w1hCha6iTCcuVkvVoIfG8hYJJEkeJiUIIIyctHcxU7W
5802142625,$2a$04$m8o71fvtyDZmLZ/mmOuXy.EEwGAWDbBtblnNZUIqU7jGU1Xi3UYeC
5123888235,$2a$04$9erPLUxE7ZEgLPwSRRXq/uMQwIlqAhJm7wjghvgaPiH7nkJwNKHGy
8553443976,$2a$04$x4hwADG2l74xGRiBzlvDmOIrMzjLuL.aIABCSFERu/Irw/cgg/R0a
5955757630,$2a$04$TJeOgPIlj.UqQrGQlvyOAuXcZEv6htFJKoaPdIwmFbcITeyht/J3q
6911248346,$2a$04$bqBhO/5BPolmItldd4UCL.HOLtp1bMrmhnxBeHCm3kDe228QnkudG
6934229587,$2a$04$aOLDF4mAKsI5DP4ar2NAKuypnnZm.rOquBBqvXuAp6FeiokAQlV9u
5081737713,$2a$04$.ze36QQjmRWkO7ZerzOD0.07ugqAMwXLPUdbLkkFh/6dOi.JrhrVu
9535198807,$2a$04$MrAov1qJTHV.8d15lmRvs.OKryVx16H2gOugAfjRRV22aLAdh6dGy
5752913587,$2a$04$H8ARifM0jHW7ZwNAirYRIu/oQk3D2iYVqzXlt3oA8nCWZXwxzulWW
1436612182,$2a$04$8BgpbzSI9YXEsf7K7FGv3.uZD.7MBjmtO8Fv2G2Yr0fRlWu5NU4xW
1761656995,$2a$04$1Cm7cKDfLxNkaYr/xnuABu53bYkAeBKnDGQeUPw0ry/S3C7tQqtGy
5967171821,$2a$04$LXzQWINLs.lQ1bs8ThpFzeb50q8YL9tKARpT3gUkIusB90ZwXK6ee
1949558319,$2a$04$sEy9Tb8QakNtQ0lrusW4guRGvwLtxdjxw1AQrfJlsKo2B1nkfuwUq
6813193260,$2a$04$rolX65/8bcfkqDrKfbf4NeJiEAkru5wre3hbxONii5PhOZod3XJ3u
9353786108,$2a$04$PXgZjjO6B0Fs0T.Xj1OHC.BeupNDvLQWw9SLKkPbHVVqc5.ug4DFu
7868257250,$2a$04$YMzcjD9GMxzGxRfok7B1WuvculPDQr2h.PCqi6nKsDe3LCQUFWncS
2294932809,$2a$04$o6WyUMQe2QO9jgnmgaSn7u6LUX4MX1Ub98VtA4r6C5E2butWUU5t.
6883865866,$2a$04$i8gSfMyqoZAP.NTZTpXBCe1UjJP30z8BVTb9Ko9J4vtpDDo8l7ngu
5513632461,$2a$04$dL.gAGvXyDUfzNhJ8FTwQOsRtMch1e6FrP.ETkWRZ4DGqXUVopaMe
4533029773,$2a$04$ZdxZ.zwPEP.xJZSE930KJOpm0bifjPIrslV.ipLhxkThFYuNh7e.y
6736778798,$2a$04$xiv.umEYsy2JqfhqT0wot.jLK1Q.P30NJYDZNOpJduBwtYNFcK772
3206308574,$2a$04$x8w2RJYsbp2/AwxnIHlvZOyY05bcz8QRLuHN9D8Xr7ke0sriK/fg.
1919517417,$2a$04$nI1qSy2lUhdi8fjHbZgjoeiuBLd5/C1mHOaDq8WeC8rDzm2zZqSuy
3668547527,$2a$04$f5Nk0HhMYh4KPPJvg3Q6iubnedp2mpCkRsvkunpO0FKm37yg25hwS
8788514207,$2a$04$EyMQPUWHQFODcLLrikU7New6uPsHs5O56QRU88tuOC2KzKLjlN/ee
8025893854,$2a$04$1./8ctx7EukgFZ4dPxNPUurSBp1gZNDWp73xO8vEE1waKZI2iCccG
3007111801,$2a$04$1l8qM5RrJHyMYwEThXLoFedQ5MoMcSidKkJx/BOw/frdxjWmjuG9O
7329094251,$2a$04$R1NS8wDqepOefU7VgmLliOm3amouhxY5AuE.PDd1hWKzrgeXSgtQW
9274873475,$2a$04$53FQkxuOlvwy1k6175YtZOlwc4Ej3WtYfP7cm/2DzBEglfoYy7VNC
8854684172,$2a$04$eI8vFR44GZnd4WitO1qHp.vUhtdh8gpCYh7xSBeFu1qt3MB5bU8rC
6268400803,$2a$04$Xspv4nQ7Yay0ZCVyKQ/0JOaQ2bb3BVqFSL5J9wtOaYYo5A36xC3cS
9435016859,$2a$04$zYl1YdgzMc5kZqmMECV6JeJKaqku3XglQ08xc.98F8VhT5sMxhn1u
5338294708,$2a$04$2MbC3HTI5aCNJYJ/a0R3CucEG6rtZC7QUMPKwICOc.vLu3hdhCS5C
4776466610,$2a$04$D.U3JIj2sOK604ttDj8OT.XPy1jKK4Z2wRNjle/4CmlakJpoU/ADe
8756253175,$2a$04$nrt4L03eX.0cFhH7g4VdquVx8e3gU18qv.v.LvTeb5C96LhY0lIWq
5429899524,$2a$04$h/1Ez6Cwan8HKn20a.sQT.aEVqKp6tngbB95qOIpfcvEO01Yasf1u
7438783096,$2a$04$1/g/UtaJAMSCRbruqGpWC.Nz/sbIYCgdLzoUE8JmhSsPTkGsNWeDq
3564360292,$2a$04$pg8aDXQ8BVgBXb46SM4uguEOUlW0el60acpUHAF1oUCwISiBPYvSG
4522790856,$2a$04$bMjsF78FplE.xpB6.GEY.unDveNwlXajYgZJ0r88XIessk6owb3YW
4063006530,$2a$04$rKtvH.TTXDkyhwDOORXBFuiDmz.ywyhCgKc4io9mAR5ZsDPClh1fW
1203356179,$2a$04$TZ9uSfza9eMny9yvKcvjc.V8dH3Icio9fa2FCWi8QhgICetvX3gye
4908086922,$2a$04$MXjDyh7iK4TcB1YMROOXZuhuxviWrrBidXkSt8bfLppaT4aiPUolC
3064317428,$2a$04$TYFPNRsk2DqjqvPWGyVYl.TbRpCQq8rl58sWVtLuJwTSm7OUuwJn.
4114939692,$2a$04$21hpASRwOlLxSqdlZXsJTuFxtGqaAI2FSqAsLZ4uqYasVmTzAKdyK
8178793579,$2a$04$FGWLLkiZ7avCrbRw/HCQbu2HqLQyAoGUHB82kEqgTnGdN7yly1ExW
7365739515,$2a$04$XpgvJxATjCxyih6ykAemiOLGqbRqKN9eCi3jhwmQLrbvtgbwUbhWC
8551996217,$2a$04$HorE5inmvsgzGzY0gBPP8OQ/sYmc24030LnCkX/uz82f1YRAc6zm.
5824537156,$2a$04$B8UWjc1gEgxQhZK.3tEWvu1qtt53YWMwBONztwxptXdGTy70cEVMS
6345462255,$2a$04$er9EcplmTFzceJ1mGHCiD.N45wpMuUDAiYEF.fI9w9EdNHZptLKoS
7338030301,$2a$04$TcyHM2uucR5JVgLdNxZq0.6cc.pW84H2cX3HMKA0kNncTISUgGnMa
6391607156,$2a$04$ll9bCJre.8JHbSb9GA03T.occl.I8W7xPUV8WcIEhc4V9autxOKd.
1567073496,$2a$04$FBzhd2CLknWYJjn9xcZt7.AhUWVk3.xdf0wzb/BAH0hVlWgDDui16
8499252578,$2a$04$iOeFFER6TuqWUTyKQzwjQ.bLCFnyfP2RaBKa6pRp1ja7JoIVNmXqW
5997543168,$2a$04$NSmEW8HUplL5kmFOJQrRuuwwiXunvtpj2RmpkXKjpgIfPnPoIckZy
8583415206,$2a$04$mJAWZ3Njhb79fqqZhcRh7.Pog6vItyQeO1KA5cyL49JedTE0fC1K6
1778607618,$2a$04$t8ZkXEeQgst9AYaPfeAFe.kwpr5qwS3ee4w8Dy4C/1KcQ4Ox2TyoK
1957301351,$2a$04$nzg4NixXW/UpRbJZ8FgfPO/9f1DAFU0P8XrS2yUx/JoLXk6VGi5Y.
5852906106,$2a$04$eeaaOTnAOEOkytdZFOn5V.IRNPyV.qS2TGyk0mFThtQsXbVxmJdeW
8097340167,$2a$04$lF3RGW48BcYH3OctULqEbOCsNg67mL5ZgL0cja7h8pRuCpkZiRxM2
2788803798,$2a$04$rb2T94Zn4M/AhUlSQB6GEeHd69auNECDhiFGz6Pt/qQrq9acZ/LJ2
2124916769,$2a$04$vaOFsTRDNPQxPsQs4Miume2tl/vV5AyPd8CFiy3T99L3mhrF0AgXq
1078303302,$2a$04$JDSO0F2hxhQipfDLF/NGKe4tns.2jrxUOtkw0V00F.rPgSMYM7kDu
3747050792,$2a$04$qw01whjte5AQgx4LYDN9RuOnFJWBwgj19OaEFUndGjms1oW4Pthi2
3649404742,$2a$04$.fWCigNenyhQX/1U.i.5SePJrGkqQ2YPdTmD3PYm1sTsTaPimZMEK
1458563000,$2a$04$SmGSZQ8MSY9JCKxeNlkMUusxQhOAkiITSCriN2He84k9Q55mzxxLi
1722536882,$2a$04$sTTtEod.7Y5ALX9S1B6VJ.Osi2s9eDlS8nG/cVoxtD2ouyNPrv4bW
8765620759,$2a$04$WgfDN5kMxGEaEa9KGvSjAOJpxkRwP/oPpavJm9pQIp6ALo/sCQtCK
2387238356,$2a$04$RzYVReW2p3HP3flqJ3mfJuUJhnT3OT0WIbN7P9FerGb4xCVGpEC0O
4807365071,$2a$04$UpCzpj/C88mFzADv5b/ZJ.y4l/0ANg9BQxqYyxgSWxgP1ipQHvPKS
4877219750,$2a$04$8DSAgvYCsJDgfa33jBI2y.PuGP/6/cFHwZm6v.rVlO1MfYJupqaeS
6505776302,$2a$04$YlfQn.Jf9ECWuk71rpWtke88PtM8r7bBI3cPk6JFwghOIdqiWVcC.
1433967002,$2a$04$psRzp9xd9jdZ8vdbAtzEIeHdRFdfjamLUssYVXQMWKpWpVgdz/hOi
2447123902,$2a$04$ZTUWU8VleAhwmiCkpSTRzueDLtUBmw8gu/mJbyvvPpD3B5O4F.l4i
1443095310,$2a$04$gshwsMJ4Nm97Z0spMoLiru48X4JXvJAZIPwYEmhzIlqxCW70P45nG
2258471197,$2a$04$rh7gszp0ITuuX0GS4qJEf.HRRDjHXw2voS6wd0GAv.TrNGZhc4x1G
4652455506,$2a$04$JvVFda6ni1/BPXtBnPMoGe68sbvllCtoaFP9g/ebiWFT0YkKd5LJa
5152801033,$2a$04$6LtGoAcosDUftjS9pVdnb.s4ab1cuKqy5OVqeOpZkXNTY/6ZtfWom
3965643059,$2a$04$9/PzFh0wLK5qPPdgu8IrZeVaN0Xs5FekPjj7Npk8Sum2kXRRwGEjm
3909664014,$2a$04$eP.nj5kAb278VzIEuj66Heqs0jRN/Af3VMktV947nFGES6ZUAqdru
8053720821,$2a$04$O8yPPFS4ZUJUK4H9O4GJIu.VsrwHUhOQ4f0rNDmcPZA7QAKPTEQA.
8971125359,$2a$04$7kgsE67KlRkF.cS4zpfjoOkHVbCawrMtLixHrPhwfuLt48qSyHbj.
5161891520,$2a$04$dIIyqoGmDYhTpHMjpNnLVeZ69EtNvT46YnJAkzeLsbMl7H13Cruom
4728394395,$2a$04$ypjevSghOHvRmGmrpu0ztuuc82kGHvVovDDq54Box78QhMADvU4Sa
3571089879,$2a$04$cd.Cf9NCNnXlA2CplnKJK.ongsQp/7RpFHAZF9Nxz6cMBhhaoBGC.
5155445864,$2a$04$utpKWxUqUom4XKMG4oKZIuNr2GrgYEVJrdYp.doavif58NvazAcMm
3287759933,$2a$04$vXbMQLyqwV6l.PyrUpOT2u77gtRIEPAKZS6AaiQ5UO687QPYZUrfS
2766449242,$2a$04$2cAAherY.Q0Cdeawm8mIIOX8yQ3aVGCQi9w5GKfZZyr23Ozpgv0H6
4121405151,$2a$04$a7xBP/sThpUCmU79AF2OBu7yAnD9dIFdtv9vP1pqKdEsskmFgQYvm
1888076274,$2a$04$uKNN03T4jffwk176NUwVt.OpJmAu/fEy11bNOWeL9dH98n70K0oWa
2403902803,$2a$04$C9RCdfBrmGOxA8HnVehcBOIxTOdFERz8jUWU2qjJKB7ntUJtQWT4q
2984828585,$2a$04$C8FCc4ECYP0hzLJSlKh0t.0bmZ3zkSZq7KhvKl17GExY8tgvaU1Gu
4154263496,$2a$04$Zc6kQJzr83dW3SPQ5Psvz.oslcpDCAQ/kyYQBWqYn/DbQPdWnrwCu
2243405487,$2a$04$tfMmXfcDxu9UJYxR0iT9oeqGVHud/1LerF.2mKjhfdr4Jq7xvRG/C
6568034117,$2a$04$e5kf6YRJnCWMomjqq.HHo.nnQ/x3FKoLngXmb6alzqlpLu2B2eUz2
3526303600,$2a$04$ha.LZNbJLwI0/9OsGbpqL.mF9NB9a.x0Lk3QQiAHxlr6EI9RXSUuu
9696139676,$2a$04$aItu1dxFsMieW/0oiP2rounfBUwicFxxX63JMIrKq7N0Q9Ll5i0VO
6185564811,$2a$04$pi.jHCF1/6DYsDHplE.M4uiatIhoqNdFGMosdPlIA.pr2oUISBRKK
5066888421,$2a$04$hfrZwnqvJLRsveRAMaq8GutTGwWNpC/YleLHNWlig/bsiLgGoPMmu
2806220097,$2a$04$6XozGNewwQW7zRbf47TFK./nJ.q25kTzCKAWm1baGYqpq8.MaLG7m
9302891285,$2a$04$r/NMeOmIpwko6v6zQLuSxeiXjz6BCPx8X91cuG10SlRhFrLaFJNSi
4878736763,$2a$04$H/vwufqYts34cX8Js2/c6eFxd/tkAMY6HhPCZS8kcKwY.r91TAxeS
4786704853,$2a$04$/rxbZRsyDsCU.7i3fLOEXuZb76T3C/a1xRHB73Z.lY3bk9n.3dF5W
2805505601,$2a$04$HiP0WWTmvxE/rRtWFp4iaemOqHecLr4meFNlcUGPANFXbf6uxoCly
2382465502,$2a$04$qiTBMSH4N90Xrgznc2pcCOw8TIzBBiJMpdj89O0t/9N8n4BuI1zJi
2398614978,$2a$04$ZOa55pqLdTj86QcJ6ieQUe4fCsfd4t7lm0xenkK3NIypje0XsTlvO
7974959098,$2a$04$FZ3aV0v5CickOcnjRQ7fxem31dAoeU0wJAJFsWOKPbLRlzMcOLGje
7297537325,$2a$04$LHyH2SH2H1YaVNk/MmNUAu62fPIw5quY3La/ubZ8NNMc.fbp.n4LS
6348263219,$2a$04$i6zwWaTrrk.h7y/idLDEG.4A0OHxoN2wa7t6VFJebBEwSw3lNFWia
5724310611,$2a$04$TQDO2a80HqnTP4VXuOm.9eNHbSPRhwIBAx2OyNJXB6WXqlfB2.mxO
8662905621,$2a$04$txarl9PAieGiyV9yOqdJmuS6nh7EomZALsrbreFSKElMvAif/rYDy
1853737340,$2a$04$pv/MX7NGKkmawfA5idA8VODwC17V6n1crekaNaZnhzBlZPjQC5z8K
5892596149,$2a$04$68Oqp8AMUx4YU2.epeUWjeeRBWSiCrsY.zGVRyBcSR3feP0TqaOa6
8883004803,$2a$04$VM7MeJRq0fX5iDVQX5rEOOtx7M/sTFhZNnm9uS4KYuP7IteAeDOK6
8782134688,$2a$04$G41wOJ3aleq8ZjjLuuTYHuqFLY2DtWbFFGeAg8rlQcxitk94I5Hk2
8146695754,$2a$04$FvLHI2WF6/foLlyrw1VyQeYNjeJEmTtqREUkN0aFu4VCk/zhmH.dO
7945794330,$2a$04$ee7dyvSIutqGTACZN9zpsOnHAfI8Lo0M8DEtzZYohJho1oIb.HYX6
5082525632,$2a$04$AEry82Y9FEAvJBbR7qfJe.jmhWwmapM4CsXcd9po5xzJdkl7sRpUu
2215562847,$2a$04$40CmZELXZj4SYXettomxF.8edzYSvwqbCdotzgO5mgk83XJSFaecG
3394256548,$2a$04$lcHhRiuOKk1nzRQ6IYUYmulBB83UfVYsHCbmaTXvY1BnFQBYtd/8G
4574478532,$2a$04$QL3Jqb0GsJ6h69A1SEpCyemyGpsg7tB8RtBz22hsruhEwpcsuWMQG
5663303143,$2a$04$.6m8oiijIJALC9Bm9B.zjO084FSiACBf3f.QWd40Icy1MMH1ryL.u
2591869297,$2a$04$6Kk6lCWOyXTwzj/CvAxs0eCnI3R/11iiYP5Ob4Q5TONr5XvTjit2C
4772770481,$2a$04$1kUjLIPHjtUZAoSuOWrOiuaua6FXn0vwGSlVvP1cFHFCgOmGeXm2G
1934735134,$2a$04$lZgcUMY7OzJHvuOJDzBmzu7MicvjYNgaHHZr.vQB8t3URlHUbJ.6C
2527649448,$2a$04$LymWuDb2tTSE7Pdj1of6xuD8mM5.0DrAfIcZNlzTCJ2kJYaMnUcaS
8112866364,$2a$04$NpxGaNCWhTLPMEfbhvwzyuY31y0nCE8HqLkSy08uu2.QYHSaB4F6y
1053447234,$2a$04$iVRKiOEfoZMefYrtBMjWJezFRBIzBlT1B94FOo9wMv5bwNC60StVm
8702586108,$2a$04$EdJVRzABJbKkilLz1MEdCeEtkdbmMVR382Eh1TAdVEJ8k3Gl6fP.e
1777751896,$2a$04$vy4ZkedXioufsrwIN0nf9OCknE4rQv.NDp/6L7zuBnyHOeUEdA.hq
5321177876,$2a$04$.pU8VS/rkZ4u9Km7j70ty.qilKlPEz093eEOxHZqbJ7FxtxgR3jLy
4997525322,$2a$04$x4jiGJ4vuXrXBcLXGTRZL..USkkQ6w3.4r8iCm83X0TAys0V2HnnC
6699716846,$2a$04$cMfO.uL/.lwQ/BWxbmsZ3uVzMTLNZLK.V73Y1pWkI6aJwRjpuxkIW
6507971177,$2a$04$CZTXfO3RCXp22jDZ.rorP.GMGYca5v8V56.3CUCMibmOUryg0Jn42
9697548838,$2a$04$oO1Q3bWzfqskaFxCjMeDWOjvTIraL/8IVxjO.TlN.206zQ571mra6
5524822587,$2a$04$RrBt0b9L9KiwJwwGLG8TauNWF.ga44hPJOd6zif/cprVZHScQ2G0C
7747231340,$2a$04$YnN.fid/4vax3yP/0kNVh.So4LQ4wg7x0GF9fCW4r7mdwv2e.WxDq
8171542030,$2a$04$Yrfutf0SRLk6lrTP8PQAPOHAPjz3QygHZDHdJ0o2CVDokrM4fS3NK
5005961856,$2a$04$aJ3TjNY//TMKJe5VgAU8y.C2hkuKgvWKCxk0NADHDPt24Nq6UULWa
5059558775,$2a$04$qHwg7LA4Zhn6KyxxUERD/OOvBZ3ARKuGOu/B5y.Ik2abhUCphdml6
7903494823,$2a$04$dptLaC4yNqrJP.bocdRV3utb97gfi/pTocuCf9HH7e3SlwdmDLcbi
5141043520,$2a$04$ffcQGHf1hGdR.M23qW1yTe1.Fk7KuhAJSLxpZTbZi8.vagrZzWfua
4908357227,$2a$04$gUyfKG1LE7Rf0aw6fGW3f.SBtn55a4nu8OIb6gvnYVJohN6sOtfPe
2362443224,$2a$04$f14eQpDRTBKuBvkKzkDtDuaXqnF..2AeLEfxEgnJwt.Lhp6g1tcvC
3738196150,$2a$04$e7.g5ofTOw5YW.5t4KLfO.CzR2GGW.zBabQBCqB/.5rV9pHShJAAe
4479651570,$2a$04$4mBP8w9pSOjhOH4teClSo.Q2N./b4pnOwGy.zSXSgS9Xjk6RMdifK
9748474595,$2a$04$9IHW2nd3aOcnbKkV4kT03.aWWAFBOpHEGkvCO3QN8zS95b/Fgo8MW
4141253853,$2a$04$/5KaG9O1Vk79x/aYqW1lSuXORWBNBaeb2U3ZVFjHB6HUt/MGEbRYi
1849114150,$2a$04$/m49MwffUn/f1/WOhtMYLOmNTtwkCjEcF96HtblsoPiyyhzXoVIoa
8607677416,$2a$04$0H26wwaZVORqROUuGh7RF.6/0Bt9XdgAqUWRFX077ISFsi9LZbcya
3598643134,$2a$04$ZrfWIMlyDMjXUYon5ej/ieMd7cH3Dtg6icj.biXa1R60hdh2Q8Xc.
6386825885,$2a$04$GiMXx4sjdvQUIuAEPfhi8OZWPbaDzA42XjkZFW3nuq.EoQnD0FuZq
8998262992,$2a$04$L0vP4iaBi8PVRvF/qJwNqeGZp.PPlbH0umsjpwQke.Lc4EkLdsKOq
1918074871,$2a$04$JJxYxyfOweQneN/MUao02O.bEcfZJP9xV5TUn15rAOP/2bAeHreoa
4034577623,$2a$04$Qyo5fzsvpNPQTl.w4eKaiO/7bQ5oPCQMWQHSVt9.RkhfVN7j3QPgi
9811405947,$2a$04$hcmkpO2tDMaS/rj6kzs7O.7tA7E8zREVAgy2GtePeWiDjkvhYOog6
6384768533,$2a$04$69ZJ2WuLR4NK9taEff4BCuoIcPCGwgMAKCRDFasLwJguTG2WU60Vu
2151634703,$2a$04$2yjlJj5hzbsi6G4VL1gw5OpSYZbqx.7sHbnnJbAe96MlqEfiSdlaa
4404188969,$2a$04$0DwfMy5uLIMtwDaU5PJ5yOhMR0GJcfMb4.nfjF.p.90c/11mc.qU6
2333217853,$2a$04$xmfcGYOfwpEQurrmE2aKEOKPaOt8RtMR0v3s/IEmB2VFJkH1y7e5m
8312873943,$2a$04$aG0kekmBpZIEsdZqov7jvez70oovkL36bng9VlaC2SfReT2/SKnK.
9676587041,$2a$04$l56bl7XhoxmKwiNDB10oruUfKviriydZ32bAXj9jcRcSR0.MLx0FS
1094745589,$2a$04$zHDXTOu7qwoRrFMZRB8cx.n.UPmXHNI7bZQiSsBPKDMZYx4aUY/cy
9859438154,$2a$04$z08J8MTgktgXHh.jy/WcH.QMhWeoR.mspLkRArwmhOLR.FQC2m48q
5873042054,$2a$04$sk2dUEmCggkDAO9Fdce55uWgbLU5QHPp6lx2peJVl.8lEcT5A09/G
6329380693,$2a$04$cVu1snrvh69WlpVUlpsV3e752Y2mBDEaSmmdYFcquf.sJY13GM32W
8089100534,$2a$04$K1/WHh1DDhZ83RFDHgn.Meg2.fvRBeOFmdi63.uwdQajqkqrvuls.
3859782657,$2a$04$OkVT1nqd1KlAq9oHTf62P.jrHiEBbf0UrxNhUqf/0qGwYB0C36qvC
5624785665,$2a$04$DKiKqffFlQkMDBEdlfQZmOJJtnPAwp3wCrN2ed.N0.NAGWzsOPPam
9121131981,$2a$04$JxRLHlPuEWSUyF4AE2TUde/G8kGmyfqgkxb2Xe/.hnTnLC5/zBotC
6576557662,$2a$04$ZE/oal7oiPjj.hqHf0JCaeVKOMyReesaWh7CT.xnQcIKJv.MQsQIa
8439341108,$2a$04$ap0STvwwkszTCeattUZ21.BhpofckXC9UMoAbfd1hsVY7GmlElznm
2994230215,$2a$04$GlOvY83vLmYR1d2DG9DYuOhEC5cXdlRdu61KlQtwvhBs.FlG0r1cG
2043263164,$2a$04$AvB44r1J5WhjFOsttka9FeyeWIwlG9Vws6F0SXiGPj55HuZmz2mh.
6559401435,$2a$04$Ota57emcEdhY9m4laJfNBOcDP3yN1Ymh.lncd28jXSHVj1FxhtaTC
7141750932,$2a$04$vLBkOOJOCD7zh/b/LcIHHeNdRnruWH6Rh9g3AGGmWBclftayvD54i
1395166805,$2a$04$OIkfd1C4T6O/ieASO6t4eOOuc7qEk1uppKBD6I0X0EQ/GUla63Wna
8792521458,$2a$04$26PfuMQmL1NEHJm.SMBpyeyGmFOIMBDz9eukjLO6o44nh5YEHIMFu
6035283491,$2a$04$72wN4GEZ2omgjI20DyB5uuFF5IGcBtlCekRysDsF6eVx/Kfpbfbma
6488163826,$2a$04$MRolFm6Hgx6ROA9JeN1nf.BOrx25ErRoN9iqG76eP9AIVo4yiJdvO
1341956480,$2a$04$dXQKqaKqM16RU7.XyO8OB.ynI162nTY0cdhcnO12VGSnxWYkyRxZG
3488213537,$2a$04$rgJ7NrU7cDLoLaVdGlKnN.T/d3R5QVNdTaNkukI9D.qrAVitagtIK
2108286783,$2a$04$HJvkZc1VoSPESTlQW1dHgecw8esHvbIEuCecy85SCJmEggE3QVeS2
8494305788,$2a$04$ggQHlKONcxEZD/mTHusmqODcqgTVX2n8Quwno5LvvRnmqa6Z4hzIi
3571079722,$2a$04$Lhyw0HwxTltDC.CednEkOuJliVq3g9rI/QHvKBB7HLQOcrpsekEVq
1519981298,$2a$04$pikcN4hA7sIe5uY4pYCBDeoWXgZk9fjlu8aAh.Nr8ZH6E8Dx2Hkdy
5153167344,$2a$04$bh7QXBUU0C3icBJiD5N5ber/PStM0WWrpP4r0k.SDxNFiv9RjMY1.
2028100190,$2a$04$I0rjk2qqHy9BQSe76Rjejue7KGqsmb9gJKosXjicZn76CRGuxQ7j6
7131650315,$2a$04$3BTIWOLQhDcj6U.BhNAl7.2pF4j4dZuWjl30VpoI7.Zq/q7I5SuZ6
5395424441,$2a$04$U0fgswIw2YPDDruIuhrVNOgStNDKyKTXh/V.2fZADDxBoIOx5XkAK
1413094089,$2a$04$/cvCCw0BUFMeXhcYreCHZOjklIMd52Y0UnkSMTrGwoKKAiqscKvAa
9325157061,$2a$04$TmOMK1Awve6pCfmvQvOgJemiNJe9BvdD8.D9E5WQtdNAL8K//zzfG
9079142877,$2a$04$7ZwIFXUiYaUTh5Ql.cNpK.0PJfG6AWqrIxFiZ9N8diHT31YiSUXwi
3798604772,$2a$04$gfjjz9hTD.WQ9leqYwFWhOHb/QbzjaWuwbwAqB0vLoDA67zMdAxnG
3763638775,$2a$04$B7ORBQ1BX7f2FYo6yZiTL.JiwuBOfIGHEZYdAEhM6pR0.bENud4eC
7005336526,$2a$04$H0r66TkZ35z5gh33JhbNoe3Os9iTQMeenrEvwgPs0egFTWI48b/Ne
7775019692,$2a$04$DGFe.U0RZ/QBoP3MX3KbUuEVnSIW2CB5BoGle507d6qBrsdAypCGW
4787197591,$2a$04$mvs08P.NkxcDXef6dBWSS.8HFM2XsdsAW2ZDh97w/QfWlNRETKkYq
4591977433,$2a$04$s7FBbJuaz3cuO091Ke/1X.mRL/9QP40oMn.yimQ8KrUf7euOf02ZK
6463352413,$2a$04$vV2eP7oRUOxEUpBJDFLwfeoUpLmLUS8UgIsauLSYUXlDuuIROvsgK
9932722218,$2a$04$bOk/YRiAtXBncEdeRCOwfO53M/qAlhdbygHqb0ddKP5nhrSRN54qy
2453967816,$2a$04$3bybf63J8JYbZumoSNhPIu4pNiK3NX.ZWFlsPHhgjSKuiatusFoH.
5364593615,$2a$04$sukv0fHPrNd1RCE9A04qsurN42cbfhhnARmEXY9K0ikY3gXZTE.Vi
9455310692,$2a$04$W1GyZ2PcbtSLh4/a4GeuMeXB6LR1bWgZ8a17CO/4mAZrDE.pgLM/i
9487892443,$2a$04$gfdQTtoIqSRGZvezpxgnR.1Y4eXZbJ1syO/346Npdnf6NjTeXdb6y
8111159740,$2a$04$Ak/aVqaZv6rPFfIfXLRnqO4.KNNB.kS3amaaZIUupr52Gt/TBd6y.
7918527656,$2a$04$L8yC.ukyTtgd9rVILoNQMu/isuPZ4uG7l8fKpqxv/Bd9QwyFUFKaC
9676081273,$2a$04$QdGv9B2wwCBlOkOX3qV2m.ATgP6GjbAInlRyMN4Buml9hdhYJGyyS
5431993568,$2a$04$x/JIsZcet6HZmQBnC7l1xuY0/HCkF7QM4g/IRIW0wRrTllVJXxB02
3182250208,$2a$04$d2UuJ0oeg2Pm6smMRxJbGeP1fDozq0U5T0Q7GKMcAdOZ7VuTABl3S
5692790020,$2a$04$vAza4CszF.HHDnS0miwbpedVNw8Ap6wZBGs6yw9gj/pNn5isQDZG6
3279511688,$2a$04$4Xfy4b.ZLvSA1Rg0DTMy2OhRDA4q/NGibuFCEK7oBlzncUSdayy1m
3344189883,$2a$04$WADGNfKcViIGpI.4NWuUy.i2W7Tiox7e/i4YUphN50JKtXgp86qqe
7588365227,$2a$04$iM6iskoxmqRFXrgRgib.HuAe0LnbkaKX7MqrvgqPQ/U5zmL5g32yq
6095395373,$2a$04$.RViRrDbtBN.NouAK5T4x.676ttVtgewSpI4vwBAsUXOKoKauerHq
6543216667,$2a$04$2dMzxYDcYs.I8q4YDJEA4OK8eDBnyAXO38pbNSyphmaaUQV0ngFo2
7006825206,$2a$04$YRShT06Vt.YpAvPH3AGj3OorCJnfMs6Oqf4t8NmV4ipcJtkVqt6GW
6625078724,$2a$04$7K7b9vzrTJIZO2/Mum4EJ.9kxlYZ.8fX2JzhLPBPg6FQJEStOThCG
7946927275,$2a$04$z.tZbHsiuXvraT1On/2h/u/UMm9kfhTWEWl/v6dLjxJcF.gYsNyFW
5787321543,$2a$04$oiCU8BLPw4h6ngdEo12J6.dV09ZruB85iNnZPJ4N8W84VCxE0LYIi
5879170117,$2a$04$HbZhg88qdSHRxLgb9AH9rOkTcqdw//vh7eLbacisKSvm8xdKOaSVW
1541916635,$2a$04$JDf.GkpdY.1uRHjjkm.dqOsqTDqEYQ9KYokaaX66i2GoyflZg7T0C
5419807591,$2a$04$.j76bhx8lBzMFIKagpMLGu.CZA6L/y9mgOeDl1iKvyIujIQOkJK8O
4192104735,$2a$04$2N2qXfv.e4XlAszltqosr..1HRkSwmTW37zGDV5puQY64ry/xtax.
8297030945,$2a$04$bdy90PjF2t7bV9vJxsDJJ.rGv961wUEB8ABjFnqy3OWBNuxbyIetW
6146982359,$2a$04$OKIKC.DuCqM0W.RLjsoGVuCo2JkpN9Ukqm9r1HtBf18o1YU3h./3e
2379089926,$2a$04$9aFydk.KdG.rNjv78GvL5u36ZxqkckZ1eB2vcAOMIDVcwi2guX8oe
9619230582,$2a$04$qwJaP2fhCDGS6l33lsi8LOR.5PBDRruR96zhFR0eHe1kDGWyR5IIW
1929246849,$2a$04$Fg75cB8lVLDNISN0rX7ZJeOwUTzXtuu.Qfm0.5dhbNyJ04yO3LxcO
9135869367,$2a$04$hcb2RDUGbD76iYcD9nBvQ.uqKU4D2KJ.7ioizzSRozMGvtpogTfA2
8596417045,$2a$04$5TYFe/50MIFUTWVJGtOqDeGbaLhN1YClKiobaPosww8oLM5ufnnJ.
7059005324,$2a$04$wsMTuba14k25QvMgkuLt/uJz6HloLLy88gGx0dsMn3GKYcW7N4oIi
4236225231,$2a$04$sy69mGm.QHD.ecDxfbMa.eFjcZjSyMa55A31udlbCkaJ9UdRz2Gxm
9184622495,$2a$04$WA62C6rDtnIYnexAqGFhd.DI.u3cxvOCDU7h4oJ1o4UVUTMgw7Fu6
4918544390,$2a$04$RJpA6wJfowESMkIwqsgQRuxAmHWRXdpLTBL7E5YGkYz47aIvId3r6
4613303138,$2a$04$NSF.1X5BaaC5IzM/FD.fM.xuFwHgOnigF.xh.3/p1JuSIdI0vQHrm
5417047187,$2a$04$jraH6p/4RUYaLsnWqHIzKOPtHWsRL5cne.8.QUv1mb1uDEahdX8Qy
8951702123,$2a$04$zfJkhhcsCrSlkFlmIgMwquVad1A7GFTuEiaOoFkExlbKYgDqdrw4K
6796556873,$2a$04$7LxQ52P.CrKAcJQ.H34iu.22IY9BdFZGLlzSih6LmcSqOC8ZC.aLS
5295397671,$2a$04$/CiAByZazR6MIecvwdlpMOLG8hQHFfcv.eZ/5/B.OBTP.M8DqEq6G
1311253239,$2a$04$Fz/Qbx2ohxZ9YEJWi/K.Q.uXilaJ3b6Kz4xYm1G2xiNFtBVn6bSge
9679006314,$2a$04$0XESEsYAcVjpQROQF/u4gO74v8DHcIDaCbIrfaAuSsb.Tf8Jt4wcO
5638079816,$2a$04$OmkG.CH6AQcV3c7FTAxn0uqPgpqRbPGlgCHM2GnSETOXA4bMZxsBW
5962271201,$2a$04$zERplBWwVieWcdG84aAlgOTIiXGOBDLUiiQeu8dHHr9v50eXOgfTy
5536750933,$2a$04$qDYZIaAG0tEE59OmkT1Cf.4JJfEsqWPcaTB623YdWwi1Q0HhWqrqe
1545625363,$2a$04$DViRwh3nF1BhDynUb1L4PeULWKHRFtW8zm1LqdHYNTwb5wOP8kPI6
2799847983,$2a$04$SnLolVDctj0bq3aHjpa87Omj9AwEJuu77VyIMSM7/8okGYamD.Naq
3288888137,$2a$04$VYeYgSWBy03x80NakiSDAObeIwk7qdiKaF8bKnTsE1h4VT6zJ9/fS
5429340270,$2a$04$/eJR3ecexVz3BitZqOhqX.3BLCC9v5rVWtjxX/.BQ71XVcjBb1a8i
8774976554,$2a$04$STgY5cQFyovsbc.KTuCMo.Z50mQmhr1PrwPJ6QzgeC6JWHs5MV/De
5751450099,$2a$04$jKjq8H4/CAPseHgB4flrVOqGWGGnvbN0BzG8zoFKYyuLF3Mwufshi
8364178861,$2a$04$KyPblLeABNM.FeOY4HtyPu23wKfYsbwxKCVzktvf6p2kXC8fElKtu
7355005105,$2a$04$nt9tGCuy.YS/TMs4ZZ8HjODpk9Eas4SFpUm1KY80TLxXtX9qzqh6q
4349011084,$2a$04$9Hw2EPILPLbVo9Nj7Adwa.CDzTN3ooWAVLL.tk9D6Pbf9Wh9PmJ1i
6156574790,$2a$04$sb3H7BqAWSSd/YQf/6.Om.PbvweZYRhDpJnQOKRlEoymN6mebsR12
8613142423,$2a$04$tz2je2vSqg/ugC0sZbj5luY2pRskK7i0ScPQhJ3g4O8E/w.VzGvBW
6121492281,$2a$04$DMM3fxuy.X/QaJe8amf7r.hTlMm9iVMpvDqJVb/PmeBnFXcVALCbe
9382072903,$2a$04$mkzFVA/aE9I/Ul1bjCHICuDqZ2E2/T1rS0wuoae5exFeCDV.6tqFm
6821768232,$2a$04$1Qro.Qo/5wO1q4z8vXJyLef35.MsaVeohDaVVvXWPizfDwJy2A2eS
4515984950,$2a$04$RAuVQF5An59VIyXrC/fEoOPd3DKttx/vXQJnEjSLWm.PB7tfqjKEq
4914808982,$2a$04$N6nQwCJz3ONVclewnOuX..3WgpWd4x.s0UBoKZAGgV1j8CUga/IPq
4413586339,$2a$04$n2Rw871dOM4GDm/6nLpTUOf9teElxpv/Z8qe1CBaYI8sAxfY3JCva
9979352294,$2a$04$Xer2qc4RyVuPkh1eQxkNK.8ZVpw/pM4nnDcgbwbEFB7j7NV8VIsfq
9507175846,$2a$04$JjEbkNYjaF0Cxa0pBWG9IeteoD6LKLpDers7uvA9xPFG4cOUNYgNq
8478391975,$2a$04$lbaFwHbQiY4LtTK/PuQ8NuR03lmudChgoSRN8iveBjKRlrMuwzaxG
7132157441,$2a$04$cTNcK.JzHv4rV8sHeja57.87W5MYyX7nWw.F4W2A0VRcPg8bK9Jey
1524657984,$2a$04$VyT4XFnOgRQYR/7S13WvTegrJ4VrKjZKybKOd0Qan9u80yQQFHKHq
7135281255,$2a$04$970o0WM.N3F.KvdoFJ8shedfkDHsv2gCStEX.yBwpOYpnIt.bmD/m
8535150542,$2a$04$APiMXAsaAZe4UaJYXaKtZeFB2ZFpqsU358BcZPzJ8vSbrb2H.WtPW
2642469320,$2a$04$7RuuZwdQbmM0PW/uTsYSUuSc/zAWjwOEJM5jmUWSSkyxcyuiy6jyy
1295675196,$2a$04$BHJfmz.QrHBN233o16e/T.mMR3OJ0bnMY2mtiz/mUBG9AknWUQUTu
2882071613,$2a$04$.s.BGNKAB5PxhqcBDFNhsONyflnq7r3YEJ8N3nJRuKZ4RlHl0ebde
3816479489,$2a$04$pDDCtwTKA56dVp.qEWjrHuFyOQPGf5ypwGfWmKMxsE/jTVNVp/Pim
2328458895,$2a$04$VBhKY2CHyq0gcGXcYZtqV.U8lm9YZF5uvdQocQKpqMm4f3qWQE05G
4874305760,$2a$04$dr5lmqefGSqhyHzWsPFfHemCoFl4Lz3XYPhIXx1u96otY8xILMqRe
4378342493,$2a$04$RFUOg4KslJT0C8zXPDzD5ewRzDeiG4YREu6EMYIUmcFeT1Ji.JAX2
7756383596,$2a$04$H0tJdL1adRNkgVhovmzt7eBpSGZ2JCSOplrOeYfhxGB85PfM5oGsi
9981424998,$2a$04$4bjzhJdroBFlyI3yDTiG/uPWTJtblo6x56NGUyjtc82QGSHJFlhYG
7237039268,$2a$04$igE/yUrVEMQ2mGQinWR2QOFcgPVwduLlDnqktOnQU8qEyf5U6h7uO
2507530794,$2a$04$trOw16i5MVZT8FQ1lcq7c.EPunY8UgjxQ7ax0K/AEtnseXV1g/lwm
5325451948,$2a$04$7nm/2rL3zpLC3RCuIuh/pO39u7m.TiIVl6YdqkLvqjSVLJksE727O
6571811895,$2a$04$HBzKBu7PfGbH9vXJ6blobOZ5v4NRuxKn8YUsmWT2yDJD2jGWmJ8pi
3777196089,$2a$04$.J2Wci8YojS2bOIv2/jRo.sQvr9S3mE/rZZxDpw3rmAOsMpX/AVku
2508296571,$2a$04$mYnzCMvohbFk.Mzk41aIKO6sz.p4s7GcoFJ7BWLFFhi51KL44bpnK
5509157581,$2a$04$QEJHIu5l3L1ykybNqAU9c.XDPS0yuhd/obVGIhDgqrA2gZCb91L3C
5265361294,$2a$04$DIhPuJkVD1GhlJUXgtXHOefvgAVYwkZiKCKtQ0EN3daENNLIXowmG
3602469273,$2a$04$4yALz3vyx9bbtOIIOhMq8eclbhtlGuA9vbgoQSi1ehnoIWSxvPe0W
1748204507,$2a$04$WsH3cvewHo37NRMtMJBP8elD6X/j0/fX093fkoWvsYntNZsk1IAmO
8655262964,$2a$04$dpyptbErckD/FDFCIS568e9v7OqSFKWqf8qGOAYTnZkXEVbzaxtoa
5833695181,$2a$04$T85A0WVIsBL6ClZteaP09.sOlj4735BvT6iHYYxAL6lKBIttFcbAG
3265020417,$2a$04$./4lBVSsgwQ25CIYr13MbuEWIT1JGpc7zyqfdgZsZomouUlOg4ezu
4841825228,$2a$04$lznQ8oK4mqNnqHKjLldGcui8P4ob2X8PQuif0/auU9yLJZ0CQGUUO
1609617954,$2a$04$mv6YSQwd35Fj7CPfHe/5U.ZE5YgoSJsr8zAgt6J9XV8.1R1iVU9uq
5909490166,$2a$04$0O0nxKo/wuc33B1zeedpI.sBKCMQIIed1QwFM315J8YuR9/lKHt5O
6048910165,$2a$04$DJvnoBdBAjO2/HZPT8sxwOh/6LuXiYm4r1BXfcuQVsqqnv4iUE8Uy
2423475540,$2a$04$NAfD3OLys0YBi5dbWtaDtON9ysWpSAIfg6K2IbbXFDc41Jyvyj5Ei
1564966702,$2a$04$PGgUtw6MHgmiWVw4U5Kx5ep8m8VZloJ3eAY2lapDwuVSEshNWcOUG
2893289759,$2a$04$OT5lnJ9GD7S/mlzdL.UBp.TAHKq3e3QHP8iDdOuir7a4WZLo4bKSW
6318909981,$2a$04$7UmygnnGMe7YqYIajYbjQOnHBnIATgqW0KUwxroc8j1yhKb5TaVv6
2702508523,$2a$04$ODeSQGgAlVAxhnhKYh2mXOCBz67bCQhJYqmSA0/T/Uk.Gjxoxa/Ti
6379484374,$2a$04$8mK4SD4q8FtsbR9gPKKDTe.rTeEodTE22Pd4DmEOs9dQRK7Y/E0bu
5589220565,$2a$04$KcXOrNGjftYSZ1YVZNyDEeF.BCeyhcBSgzFX66flgvokMr9IIO95e
8239557622,$2a$04$cZqo/cHDn/GQWbeHYurGjusBxVopYPRomj362qgn6b/Wch5qYWlR6
2349185006,$2a$04$ABMQ3LMU7kIaFAMP.QV66ejntyHMHUsZV3Nx8lx1MubNNRWqdQ12G
5959774670,$2a$04$3Raib8uDIDB5Nnm7MPrAh.D0kgeuB4FQN70pFqjmAergJjWnjBtZO
4738911688,$2a$04$UJnxWW2fW3ecc.CTpMri5.WNN1oATX5IezT69nxcGjCeBMSm13nJC
1241978337,$2a$04$be8YqmGKzrkYAW9AV41.Pu6yv.aIfGcf4GzjhjSYXd90OMBsHNZYq
7322959970,$2a$04$oOGv7fykTBTs4AvsLMq3G.OtSBIMjiE1xrnmON.lSHPdj48ryJdJ2
9867671128,$2a$04$mBt4VaX/IFa/pyughBWf/eNOXuU7POrfLksb7xAbLbDt1K9DPnX6i
2144691969,$2a$04$3E9RHtNebl2aZ5OJQgm/w.JEH3DNmLoDpA2EQDc3wYIow4xuWh8tO
5431656919,$2a$04$0.M6C7fybMNy1CYCvZyTZ.poSrhdNr5q9tboNpiQnHCoacEbSqymu
6656421424,$2a$04$KJ0xbyMOBWt94SVjCQs9t.qHEc3aBTDIYGSTy7SCymK1cDaEUQ1yu
9041465048,$2a$04$2tOJdpGMon0mh7oCKxFtmegsgedx5Ppgt2KkYiB/2V1VUDz3mOEb6
3592608123,$2a$04$9Rp3x36doQKwPXHb9I5k7evrBqSDZzevhbTCUpveGH.Ia1mMLcsO.
9797163921,$2a$04$d1GcZQX0yX5HCg5FYXTpAeVjw9D8qj8Ktix31nWVxeByKkfJaoPd.
4824318459,$2a$04$.9xtYxOtQykacMN.9fbFBuZ2vTNWW3TJIvdDbltnHh9Lnms11AiSe
9129086743,$2a$04$fGXUGPlTmlIgukkNEhvDXeonJ2wPS77G4cOZF/HVPcEIJxue8wpRS
3322285223,$2a$04$MneGJ41WucXdl3rK/f0Ae.EL.9/2RoG/HzbusDWdY/BM/FQ57lLiS
7867067995,$2a$04$YnGjLFy5vqP/dhW7D4FPteTGXL4A7vuLUpYfEdT3YosQ.kVcpra2e
9018679685,$2a$04$TaP2MBo/MT/9fk9WDel4QuvV/pi1WSLpB9hbyco1oPGuek/crp9yu
7819797731,$2a$04$yfWtrOLHoUe/GWCq0wNrJO41sad6Jh27hrTEeagxJntX2S73HYLXm
4362880825,$2a$04$yS3Hhmq23WHj96.zvTYwZ.kJ1mfLbIDmZtMiVerY38/leo5j0HB7C
9193751400,$2a$04$uZ1EahCM4qOh8NxazHxWXewQW6jAXDiSx4.cwK/ts9cwgqdcsAGQe
4472575426,$2a$04$7AtkCbC7qX4a.U67t.YofeDAr1jAnZGnIfijbiQGXxAk0XrUPNBDW
2958431785,$2a$04$Nx7VwMyMNtvo.Pd8J5tfbebdKYvvwlCpLKgmInemdAHiPB4FnpwCm
6101539584,$2a$04$JhlMZKdoHH306Y2MdalRfutYJG/EUFzsjm3qJCcZq9Im45E6gAvFu
7569738541,$2a$04$AE0pv2rknS2ZAQUav9mnpu3RevOLR.q1DM9e8FHfjdqACfYDC2RvG
5836421782,$2a$04$WpJt5YbqX5G103mr83pFT.tHBrX800GRFOezB6JxdEv4jBxMOUL2i
9562325305,$2a$04$ARlncJAANBKBr39SP/1MouWFxXElXbCQHyITpD3hOxwhuJPr9HJiC
5202485146,$2a$04$rtgSdQ54sxtcgG3brINEiO6kqZ4nm1ocoJ.XhL4NmUQ.Cgws9asdm
9744957765,$2a$04$pcpXmAfxhPhNA63p37tMtOMtKQ.PLKNxVJWuOYKaLG3tPIX/GlrDC
4704492055,$2a$04$em50kqUS/DlhLp09oQto2.HGvx2Gbu0f/D4NAwNwD0kVOzvbPpwcq
8864391595,$2a$04$NmYfntPYLko/oa4aq4F.Ku4/9bJe33Cs6.w7c3FN0y6BNuGHzuq4W
1761970236,$2a$04$z7RS0EHBxaJxF8Cd6A1WdeANfQOi0IRj2T7DRvO8gea/jHV8wF6sS
3497374050,$2a$04$F0KR6gWfg1sy/httFxxoIeJYzPI9jUnPc3jtZ7z4p4H1jpRWUCyh6
5074307285,$2a$04$auE.flxzKLerCPhvBeM2lORXGjzeO0N4uCAR4p2Gn1ASfC6OdGRXi
7691582170,$2a$04$X2wCkGSnjq.EXpPAc6UdjO17XPFfUcctOTICcIHwaslamq58dVaDK
8352615869,$2a$04$DyzB0hI27wcNAhmZurBO.u3Vsa4MVN6dwNE5BhVuzLNeCvXnXGUhq
3317155853,$2a$04$iQt908nVmiouyM9WLL.tFuwZPwXnYfeq/ZofJvHnMiv44fsCLvFe6
8417639011,$2a$04$VNl0re.fqOUsc2qdqIPRx.Qnl0gbqPiMykLnLAq9whbY1ZSjLD6.y
1909270482,$2a$04$PvnEWmpryAINIsmAPt1YE.YxqPogGGeddyWLVWeaYJeQ7EKonXpJu
8952441161,$2a$04$/dSOIa9JmyiCDEWbEXekQ.fUtzDSFYPTKWnqwkzrt.rN.fwqkfbHq
3794950180,$2a$04$sHORbx9P3DCkMMHlBntN/e40XOh/5fuBZUaIKbfOdRYhW8jujbc0y
4491730117,$2a$04$NfB./NBZPVd8TgQl6lgI8O4CSJpJh40SG7pZochhiLAFg.ue6jZea
1661426745,$2a$04$95Psn0sEVVi8vNy8TZ3gmOmQqFN4/joQozQWgyNlMy2B2hYi0PgIq
5232311170,$2a$04$PtMYxuUaCBl8HRlF7.d53O2l0Uk.z0HDy0o.0P8umZp6KshK5DZEq
1855523763,$2a$04$lOokJgG6kwj3X/qXs9p5U.svKuyYiDO4R4VB5RP3iox3w9T/8Z9Ci
3538648416,$2a$04$G/m60VaEV3XpTwJZwxGW/.WSH2TUfBZXlObJmND9DHuD6ww3B6mQi
7098142026,$2a$04$p0bPPF9Qs69Rx6pRxzb.AeNBrYVqwGIHbm7r/noof8w2nhOyvImsW
9678459789,$2a$04$hGviQzG3brhkzl.N9A8qQesZhgKyU9GWaihbQ06KCsqsrvOLk3Z.u
3173157017,$2a$04$VwoN2L76.0AWCaQrLGaEhORKNGTmPMNODOpNsbLVsIGvWIYWFh.ii
2129907587,$2a$04$M.gmSPAmkyUAypU2GzGq6Of1Y5Jtu/ZdqlEhWY.cti8A1nxLDQKh.
1757990777,$2a$04$r5Pm.qKN6Py931avnb8aEup3u5M563ARplOfBRKfun0/x5WZ4aCdy
1593508329,$2a$04$oWIJTK6709CSg/CQW/8nhe36R4odLQcFAACuQHKn3nPM.kw.5NTni
1965040010,$2a$04$VQblZg8R42Q.1mQYJsXIwOtppqXyzglZAJS2dA8QgQ/KMe4c9R35i
5612366923,$2a$04$VmxRZoFUTrg.FlJtKse0h.6vhqg/yhj/mBtDMPalaSnStN6CdTxYe
4529437002,$2a$04$giPcwilNWXwkaZgb5lypbe/EqU9sg4I7TQkR3mPtrzVvm4BtaMyCy
4878440530,$2a$04$DnlU5dklFd5wq/qpiA/CaeXqAJy5FiiksNopj31vECPJJqKMPH55e
1732134194,$2a$04$r0Wa162y6yKOuQivtqNBB.8KU57.GPQ2WxdY.eC/AeRlCiamLbWLC
2151389604,$2a$04$q3MWyz3Tw03Vi/Y3JANho.V8tylGWAJsxbfxn01WbDMr2H6KgAaQa
3408077610,$2a$04$ZhRRAkgicR5wYE//qoHwEOHmfH6Ay64RrqqZQNWxSdvSB22/dmDXu
8332998175,$2a$04$ncDRfK1lRGsjl0NEKavnOe53VSzAzzhtIbYd5rhTSMYOdv21sYpPC
8652919121,$2a$04$x9LdR/MUP65hInXY/ojtneZvz/kFHmuu4L.5SXmYlBMhuuRAy4BNe
2943607502,$2a$04$UTk/dmppeTST6AxnOB59D.4TYfaZV583BdlIWrSWjJnYHl8Skabxu
9157081404,$2a$04$Rfo5xP1ACo8IursoH0CCDOZIdo.ug/iVJ5kT15oZECzOeuFwQQyCq
8652464032,$2a$04$FHTtPuPHeGPQdfR3EsaPM.iDGUFqTg23R6.ut7cuSiYEQlkXAxHqq
4272518827,$2a$04$IbXR0xdvDKOTTABZ5SIIn.DtpNk1PmfLjykL2JQw6lkQH1222b8iy
3788418783,$2a$04$mQQWjFf0j8zMP1E7R3p.BOTcfEeFBpHYVoGPD87iK3K2ceAuZPZTi
7465859702,$2a$04$7GHGPmGqBqO6S47N5eWG2O8CsofdTS1DcrvadCO8JQ7c/6S1H84PK
7996184361,$2a$04$hpNeMCwxvKXFj4oQ3B.pK.2MRn3JiCFuXVWemTj582DYa3Kq/0ReS
1432864280,$2a$04$ymoSCLuSRU/lhKFcV/AZg.HsrmaKWJXhaJXH6X0YolZlR/rNtJW1W
3682877665,$2a$04$JNApmGtx2EHsFr1C5K3Ll.x46dcpPvRs3C3gMGLNI5q1ao2uS6kNu
6345776912,$2a$04$A3I5j4AgsaBiQsY9PROQRu330Cm9dwsi5DS/XpUoJJQ3l208KDbbm
4479217153,$2a$04$04NyFmXKdsC4zn7k.d/zneKMzjnsP3g7bbzWKcgGTvB89wlg19hNm
4879767889,$2a$04$nJHV9ftekOp6g8FUpLq4luGmOqneWp6Hrf9aOPvS7ZrK2HM3F1s/W
7031192531,$2a$04$z3fl7t5d27p4Vk2ndtei4e../aAsEnhUSt6UbfGhoJjlqMChvRrCa
4919524744,$2a$04$X2xqHP.O8Kn3bqFl65DOj.nyEZj5K5HsR6apWpweha3PZ6nZ0bPbW
9804207014,$2a$04$BBdDiV2S.gWrIhdMmOsCY.oaDwa1MQeT4hm8fGYIUQNBMUAOgim.e
3035823038,$2a$04$ojUCBohcVhrXI7XMwWomrO4u9qeyryyluFtRwcwSm0.9gVlmgbOGe
4466018464,$2a$04$aMtlkkdQhzfalJyVIe9FOeVZzm1IEcFpGc/pcvMWGI/wx2GJeJPgK
9654840968,$2a$04$90de4QH7kwM/5mDojmFBH.nKoO8RjAsjCtYS7gGkbbRywsR3edjNO
4135547186,$2a$04$oy6FUxOAd16AtdPNLncEA.cRNesbQDsSHDpL8wFgZ3EdWk1pWYA3e
4235258120,$2a$04$vV3ykx/voQQ7QhNDrQhDPOsnP/7vF9lTJAjOUrHDtYDsXKr5DqE5W
5648411159,$2a$04$PI/zHtHhcSSHa6EhA5QODuj75HauSTMmKtBX4C0J.ALMIp9tpxKN2
9693629636,$2a$04$iHLNo96eXR8ZE6otx7p.iOOfUUwXn7EFsmedczMkPiuprERMUPQ9G
5008490094,$2a$04$AO0RH363Ub.yZf3cdJwsxuDKoWqVEgrGjtyKauwGCp24iTg4ywIVi
4038593264,$2a$04$AyyqEZlQ9opg/Z7bcjweTuMk4zgK.mtDtbZnv1i42/YqOwJ0FnTvu
4519681121,$2a$04$ATH./VqpeLfdx8ZZuoG5buDQI.0OwgaV//JGKv1Y7wBqREmc2hhUy
3105134628,$2a$04$HpL4V0lxR9azLiJAIB74aOVl932wPbb3ABooqON9evBRht3SQMDm.
3151982954,$2a$04$tX1/a37q3NYbQfSDYkx1p.iPqhI.NNC3uOWwveWBeawpLm45XwPPq
3814371101,$2a$04$WnnaOcLM./x/cUsxedvGt.dHsPzAODiNxNaTrSwPAMPN7GV2WySR2
8427177676,$2a$04$qLZSS3hkSccBbbik9F6J6uzylVgUf9entraHihS8XATc2SXvFM/Wm
1454322620,$2a$04$/SQH8IvaYKXRgy4FgaSct.u24LXIMrvHdVQLJRZmhGycJUaXZLreS
3601627058,$2a$04$.fEjgOYPgzNGfUDgnq8UhuZM3KTmYWMH.wVwCpEebWRdL0bRI2pLe
5313218676,$2a$04$5yqA4nv60gfIFGC.tpRzI.hPQmkxIyVwbzNL8MqySMuxM04W5tYV6
7959371538,$2a$04$xuOujZ.9twtyphiXe/ErY.CmtTnP9k51Ddw1iRre87CtCd3.KAnT2
8714792573,$2a$04$K91wT59VGkFIHM5YCPQNnOeOATHv/TigfcEyX1QnwBYkkdC02W4sW
2797408838,$2a$04$8BUyZ6fYy.FE2eqBcB/RC.hYCz20W5KehlNBvOWDZY.XPAmTZKX5.
6792432448,$2a$04$NN63wI1sAgokEoXb4edD5epvp3leHID3mtdyQlKiGluziq8Zwn5my
2735305676,$2a$04$BZzAL/.k5KSXcgJIqmwdmulXvMJ7J5kyNSa3MzljoHqXUxPS8a7Pq
7435587631,$2a$04$yXQh.WJIeH8aUh31NakBJuoejnmgVQ0Lh097C4ggw2Od0vuUBoWpa
9833641120,$2a$04$GzGgYKAqSoicMJ9JvvW3euUSnhoAvnjp8V4whk4LZZi6XHCEe1Laa
3749107556,$2a$04$78PrA3yEfBv0HsfixLC2meRT7WwYOu2J9ifkFakbaNSZJAJ5lXYAq
3793779138,$2a$04$Td.FmnRcAj7awaH/cxxGG.IkWhPPcrOsWXRy2kgc/y2dKTSLhnaSS
8102754846,$2a$04$Qj.ZfqszEq6DgoI.61bVK.MiIcj67MMJl5x5l8jnphwknGOvXGad6
8105240575,$2a$04$qxequVYqUNMVb8g96uIg0eTdjKXFUt6B0tH7svPy6a9Pc3Brg34BS
8005273226,$2a$04$lgf5RrZc1d5dEJbFFhStc.loygdRX.Sd3tu4.SUvHr85GSsCtZ/H2
7086347196,$2a$04$v3.dQZIPENOs36IR3UUp.en0Qjpuw4ZVRXCVf90J6s2ofqtBPNW4u
2787078844,$2a$04$.JrZh9iAPwPkuvSbDTiFgevlahZPSj1qCwxLkwLmCBesywbAspGGu
8697443990,$2a$04$nQU0vSNMTUb.bda.bn0if.6CJ.zCTfFY2vqlDAvnU1q2Z861gbxhy
4859452155,$2a$04$V2qHq647AnHmAFBr7OmIJe6BlAUuFCxQSC3AQUHDIpusB3gu3401G
9478960235,$2a$04$9REOW7ZmaS2YCHLZnkH8V.JdBj0jJKastUw7gDnY3s.GfHPfmbrpy
5537697832,$2a$04$2jYPG8ExDtblgoW8gMTiouT7OKSHnV443ajyV8N3tt6Mz4lw3cbeC
7171924959,$2a$04$i98xsHjanY4DN3Kzzp3/YeTTYE.BlOG.RBFdgPMAuO9GCWnP9DY62
3412877292,$2a$04$OFN/vvHGjQ.SSCt3jpDPBeHBUlGzCkLupBYQp07XRwkHhgaECrH22
4945277289,$2a$04$dbxm.Qdtt/kfwuqUzQL6S.GFQtUuMgbNWThQ3FDUIwqG3jGkmvnVq
6319028137,$2a$04$wVYZzBcIuaExfJI6GFXcRuPidphThIjw2KLVu37K3BTlKFfsYg4XK
7477521179,$2a$04$3Vpv/tuRNokOiS2iHYpvmeeqIhVCQZkrrsvl6YapVfILHjW5thLKe
9497385470,$2a$04$Iu7COiR5/qqZyDRTdqxLkufKAEZdk.mxjG.v7gq3.2rk7sZPtEAVm
5996854981,$2a$04$IeRYXEQ.sf/izREtJgngreYaNcTj9GY1dsz9vsNaeSI5GWf6R3COW
9411690136,$2a$04$6hHliD2/jGJ3k2v25zdvb.PioKKdlDlkotICGEUdU6BzZI7U2LD6u
6117111678,$2a$04$/KTMMNsekMgs2lTTHxS71OhlyYOBuBche1o8aW7WbpLWLLPWO7Vqu
3974586568,$2a$04$e50zxqoELs3dQR.0iIUAouQvCOA8rFWXJS2R6XRt0KelFJNqFvP6S
6473783779,$2a$04$pxVDFcCKi9KyweRHYxg7C.fWkprbQsPCOQJoUlsDkTIndlTH1Lz56
8688477619,$2a$04$k3VRwaHCQj9XQM/9BY9Y.eXS3JA5NI7ghOa172.nDCSY62/qrJECy
3352056439,$2a$04$KNo/IeuRjd/Ou8a6058G6u3U.HyyCKwClte/RISQtobIoviSSllu2
6067243921,$2a$04$wdhsBiR7ghdLN5ThuqRdHuSqOgiQeXDhBMm5e.52z5ZBNqckMJUei
8857651264,$2a$04$.tcA136lCg.y7YhsP6yZdOw6WQul9sjnxC0o4JgD8zXP.cx5EtN16
7348336102,$2a$04$MwpU/.mL7QQAxJDNZhNxV.LbucJm/GgwDdnxeJT6dDCWqrthO7L4K
8863238993,$2a$04$StYoWNiyig1Xf9ig2LCnH.q1eGbO1OKhnGFZz7UcDHqlkGNA.Eu9i
1797455309,$2a$04$XcC6bLheAughAuK9rGBAwOLO8VaRw8fhcKxxq6b26twLXqRPBG3PO
1254091273,$2a$04$HJwZ7IwAEYu68o6GtkWEWOkq4tO0LAblP7q4aOFjA3Cj84592a.jW
7797015520,$2a$04$5bZUPl5wG02aNO6PrFJcXez7MRy1xcfpMs4WdBRjVbRsSrRW7Y/B.
8407706962,$2a$04$rDK0Ei1/YmCqYs4uYFZlZ.ZwXLQFHO/vyuIyzZC3Wlbx4xHitNH8O
2806381661,$2a$04$OBywj7tLcmsVwp0n7pf4F.3zECO0CjAK2Z9OQdJl8YKDRgF9dBWHK
9982752157,$2a$04$48n00vYK0fpX9XQdsYoOAe/TWWUjcql6cYACmM6.5jUQgfOwZfAPO
5926403556,$2a$04$0J4HxKvz1K2yPw2LUHZjEexMC1RUfRE70Q2Q0mjVD9CMtRzTsnIO.
4842500277,$2a$04$1jPwzmyZz3.CR.cw/qoQ3O5l3SCmfIUFQpNi1lgMUfO8TJcB8J5V6
8836892114,$2a$04$knQkzrGYcwFBe.ShhcTxluwohGqH61IefKuJOOgcbDhsLGb9g5orG
6086888300,$2a$04$4w4ff5WTGJBKyIaC3iKo2.o.8xhVN/dYm/cCUa7Tgvh8YnMvjdD/u
7448484219,$2a$04$XADER7b7tJu.ZdpJNHAwVO2JvC43y5QOYg.BK2DrJNutIoztVY/ju
7469505872,$2a$04$lrEFJyBqcqUHL7m1SqaJMOLiodzU2.rPjDIhQTt50Vrgbt952YJqG
1743672532,$2a$04$yrfy3iMeOOzkrHBIQXOU6.L9bwalUe2IDUV3aVd/b/m.R5i2OAGh6
4086613510,$2a$04$LHJ8JaioAu.aer54Mlif/Ow5XkrFdkGaeSblvluJlvIoGp5vLOAe.
7288681524,$2a$04$FU9EFmrPlHH7Y93Rmb/cGuy1/VaqGwCkUwml1chGe2Vwtb/rvZHOm
7513577392,$2a$04$YeZsF9Z7/PTo/ZgDwl3R7u94bTzimPxlHv559212X2IlXO9vJcr92
4024401941,$2a$04$AlYvDSzNxYW/mVOVOoGXaOpRbIXDQ8peZEntl1AMh.NfiH8uNzzoO
4803537596,$2a$04$G.IwiDl5pA2ALwo6aJuKEOKQmbvoprEXiraUzUgM54h0VS9F3dVdS
7446967185,$2a$04$zpmAI23YeCBPSATUMPqenuWdFgbuTOoRDg8YokmG8EH8sRHDOetke
1146657029,$2a$04$uoExfWc8JBRene9Fvd2cG.cBGxpzgYvtGI13WyUQbu0GcORQABmR2
7785119846,$2a$04$x1fZDzaxmSTvHedncetEI.j8oqkBPc3OfRx4Uj3PAkCp9oDxEWqtW
4686800005,$2a$04$/pCjyWHD4FalZ4fMv8lNLuXHtfAc5gpASAfef3RUrGI4OJ4onGWDO
2531265461,$2a$04$mmTzp3dcjtpjZelufQne7O4XopcJLO543p9Rx3kjmDk7mb/EFjxwi
7597151044,$2a$04$dgqamIdjAOq6LjTf5wRHvuhvilHJE1fK0TXzKbAPAhL387oAMLcP2
5955957423,$2a$04$FtVr28OKslx2kSmNWW.if.Qpvr/YqLP7oQgXTaP.YgFstcanZBq6O
3564851060,$2a$04$G/uf2E13Hl/ef6g1CnKQ7exTZrgJGzFV/6YRd.qXBLuOO6yYvqQp6
8003669771,$2a$04$tINgic.9T/DhkqTvdkDBW.M98n/kIGu/UeKX4Rlv34ku6uBVBl8Z.
6777652986,$2a$04$GdJamqvEQ5pCwMealTzSRel/6Xr/gzl2jhoGTjn2CadkGIRbyCxOO
1848265700,$2a$04$L./3S2z4ayGzmmd6UgSGsu9LV3so9AxGwFKVae.CJawsshfi0RjPe
9464810748,$2a$04$ca7N.qYi4II0WUmAPW.rE.GN/ky3rcNh8DFjPGFIurwXBxWtL.A4q
2791256339,$2a$04$hPHXzOgVkNPx8iAPZ.Y72uXZixUMljOZpKvXE8ro59cglXaNmGJRq
1805100000,$2a$04$xcuj/Avoot/gzlhQAtVjZeKQLZgMhMcS/oYgZbJwNAf0J7E0dlc4S
1479701645,$2a$04$Un5HKr9mLQPHN0A/BSuMW.hHoHi0tJotDTvcDcnh1Vl0rLwcE13Qy
6191689296,$2a$04$4NLS3UrA.tG4glvMf9vBMeA5DEUbHrJEoOgZhRFNhE/55piXARU3C
3329810388,$2a$04$S/eP5Ty6BOUlihnCc41dE.lBPlQLRnUDxwbg3KBy0ySbXHzuQgBAm
4332370602,$2a$04$htrF5D377dW7KcnHCb/PVenvSz5M/iTsgIfvkVcDVqsGU5cMfrqV2
5708131876,$2a$04$oUku9QR7585ykFYKgFcOU.Hc4MeqfxHNMiBapRebrJrg2.2x.d27u
4683698649,$2a$04$wBxSsMKDX8WCfJ9FjYOj5Opa/yp1WG59SpbzR7T3AaPGwfxMRFEZ2
9056271038,$2a$04$O8lNT5j6/oryyM08msnO9uhVe4NnckdledcPPcMkz4Py5oIDxymQi
7372112035,$2a$04$DzktF9yd3QrLx8fneZvfCONl./NXX8LOWDZFtc1NUmkPHhvMxwArS
1882114435,$2a$04$Cdbj.lf8SBBfXUjCGrcl9e11PhA/QKklVs5FPr73WS.dgDP82Diaa
9422051270,$2a$04$aU0exjl8NluoBmdnYOnNp.IFom4bXtJHbFNhQZ893pHxiM4qD1yPi
5728815899,$2a$04$ywl/fvHQoyrzpl.p3fTHJ.D8y2LVS6vrnMAsIjq4M.KstPuFsf54a
9009165295,$2a$04$lyUf4PwyuaZNYXmsYU4TBuoTCbK94sh92k15rVu4R3T5se.2FlEwG
1416496566,$2a$04$XRtbb3LcG1ZzuKeHx3UnuupYxAOlxGusq.iW/St5Am5LpP4.M//ba
2595764549,$2a$04$XZf3ecSP4o3w2lgYiAZLj.sNqY7OTqvJsSjMrqn8wmh70Sg9j/MxK
5977448619,$2a$04$IxY2ifKhPHfVSc7WPEPut.d4vVYowstDHLsYJ3oU94D3q4.8es9kC
4686693124,$2a$04$At5G2IqARdPnjrfGjYucb.3HbhuHhKAcphgVg8QBW0gD9e4R2.9sS
2058897830,$2a$04$euinWZjHzlZZ1oui/oql2.xHEKVYjGg3cWbaf0DKYgkeiznV31KVO
1703196709,$2a$04$dSYz8FnKVx/SCMjRgMoCj..cPOLa06lAOFv7sCaoIbv9qP1.DpXqC
2358994549,$2a$04$7ZOEpyENmTQ4vcAaTdn4YuxoHVoP9d8zpmMahWlfwAyW0VIdsebtm
5268771893,$2a$04$uZ63QhlsC0ZFDSGEvRRvyeoXe0lxb7UymONqB/ISMbwpewgAxmE42
4382013204,$2a$04$QTTS78xvJg3QcajE3Qol/uYAGWxPEJ3n8nabwg0naFdHueRUo9hK2
4952839804,$2a$04$BynwEyOIJmUd4TRTE9gTBOgVWFqkyAMp647tRehXDQ7/V2pYS6lzG
6506325666,$2a$04$/1E9HWdfw7ETvfMA4Uq2wu8vM0vVbfvRWAzDfmrnD1mn7yMvbHDiS
3124753585,$2a$04$kOsc2dlAdIWHmQe7xPSRPelJ/b3T2MuY3oP7GwtQqHqcbeKV5XB46
6541751100,$2a$04$kPw7XjyFOv5mu04vvIp/7O505aJLePTkJQoxXV8T391u8OLtKgU76
4228850046,$2a$04$Vo9yDRc7S4OPhlVqJ.Yamu3b1phu99tHxnWwlxQj3.PKxoluK2WbW
3454752125,$2a$04$b/2Hm8KUKHLEvN1jaZMNrOnWePfwnB0NSSPO.elvdgICTLT/wdnsS
2817711465,$2a$04$V3bmnzJeKwj4Fpvu/ymUmua1A3WM6vHjgM4nIMHkbbt23icJyzk.G
8182186732,$2a$04$V30irA4x6gea2ZV3VzyM2u0B/UWE8RfX2978BLOZYGWJ2yZbdqia.
6882408377,$2a$04$dggYiVXvzGQwLM3oON7KaOWjxxK8Pkz5izL5ZG19F.q9hOLwCuQpa
2877235001,$2a$04$eAtHKgW01/F5eaHqMItIeuzRi67SrGS3UJZKyIzAOiRxpWWwYp9mG
2711496066,$2a$04$5oD2.RgrF3H4.F/OT0Y7z.V8NHlZRkWfwdBc1aVCJKp9DRCWdppWW
6653171299,$2a$04$3lGbBcD73UZ1Pf99zoDUM.nFwkeziWBMDeMy4zCpXlo.c9v.jCaF2
4075728208,$2a$04$hqAXPKxmmj1xyG8xTHuA7e0.7Lxmy2ETCfPgtGjq0CnDSN1fOn5eu
5701501563,$2a$04$VFBGYCKL85ElazOkUtWgyu3OU0nLa6KTsibVxR/0KbCQ/bIuefi4S
9422144319,$2a$04$OW4iGE/8L540OS196MlUW.9QZILeWbn0XF5Qf0Ayh12VUBXJCFUGS
2222296623,$2a$04$YV8WUi2MTaZ86AA68vKhsekYUjVepmN0dFYPZvdvqhWTSJah7wb6.
3533714447,$2a$04$YfqtaJjJaMf6DD14CCgBQOj.tRSYsBS38WuiqqgyIA3o2/XQCkely
8575348325,$2a$04$P3pEN7/uTsorIXpT.vs8AuEURSCqEIbS6gFNR/BIlT7Qy1eHTowhy
4049911308,$2a$04$1NOfLi9re/0siQwm1GJ6Cu7YPWEr9cZ7Dd3xU/f5ez53Ofwxz8i42
1155212700,$2a$04$mRvk/gfYB.HKfZVe9Ax4DODYXTr59V.LwRIVozl18v2dVxipXFrWu
2558363241,$2a$04$4/aLfvrdVj9NUsKOXec69uK0yM1YKsmFcRlv98v4usWMAifMFa9fa
3112390151,$2a$04$MWEcwfF4UfRO3SYAXkNYmORABaVEzdyv5soo06C7Ug3Db4B0oA1ra
1806588340,$2a$04$D.0c8GVkF/SsLMfzm2p2uu3c.tZi63AC7iU5r3X3sHg3mvkSc/gnS
6555663074,$2a$04$g5U8OEtxZqDtBeyyG93xJ.6GNDnNPJBGl/XhhIKDBTIUImPpNzTay
8496363950,$2a$04$/FrAf9c/m.khAXmfad0Qv.sObqdtuRYtG15zuI6fSv5x384UOOsyu
7642730082,$2a$04$87NcDlJ7nhUCFP8DA4Mtw.r84oldl2i3ChLFqBgQvAmSL7vuR9VPK
5331162532,$2a$04$H9fB92uTkSMC1OwJa0aeYOY9AUlDsWQVqSA7lNgJ9kWkHFRwGrxI6
7574825810,$2a$04$k5mPEnelk.LVpOecbpwmJueOC4XkXmcl81/O1MZCbhxF3oeai/2N.
2096904595,$2a$04$z5XpgLS7tEojH6Jj.OPqPeTosYgBEnisncfbeiNCUHuKxREXyDi4m
8425084329,$2a$04$.GGWTeKUaCUaTDdQnFoO4eEvITx.yG7UZVARSq3n3AF/6CCP5t3sC
2304133264,$2a$04$vjdbcM804AjyMLOM7ygK5OF1b94SQzZmTVPY.CKob2b8YRRNlIig.
4153112253,$2a$04$Ri/MWW8MOS21mz1CXpA2Aeyd18FAJQaxeIpqJ8NrJ.cwPrZRVFp8W
4258623896,$2a$04$ZN5uq68uhCV5uMwnjJrR/urXEnuhCFyyX9JFjrmT9ONbdcaoEHU0G
4297135759,$2a$04$ey3rQOdv4LnjwZK.tUcl3.2kHo.DcR4lGZnAyOvLIk4gdQFzG8tie
5309993154,$2a$04$vb7j1FxuGZ7i0Wniz5IC5OgQDFbIrL/lqkmwbKVsTyQ8s6O8tbr7C
1442369864,$2a$04$46/JjvsEVx/ga4snFvyI2eg2DiGLcEMweJyCrJUs9wnUizBl12ZkS
5488561107,$2a$04$seSzvDG.OuDcCuki51KVI.Wd1UQPiZ6qTM14ANqWSKvPHX9JwSK3W
5678076651,$2a$04$GX8PL6l/Q0RTQZ7XV7ymx.7yvonEd2S1L78BqqZG9emWhp4p2hSvK
8358999289,$2a$04$DWjKxQvAmwvfmS/.3xD.GekLoAXl8rHak3k547L2EO.k6CY1yaujK
9134251823,$2a$04$WdUXTOMnh5OJQecy/Xu.e.r49w8A8H.gEKYMCB6wuqPRF1Q3jtNRW
3038548377,$2a$04$t6EQ0c1IwcL/V.3vCIA8WeOeVOpmaLmEq51YJhPe3Tzmyd88Tpacm
7049391936,$2a$04$vQ28iL1TcIrOPPaUEKSpgO6YP2/f6aSS4qXyVjOy.iSh8RlfNn.H.
3283255988,$2a$04$yqBm7eGxrkWobhbXwWnnCOO3Ez2kZlqCnCwCsWq8xUEi4Zh2HfSbu
7638622165,$2a$04$BPrej28PyXo/NrjAe8BfpuCQdnLXA4kRy9CHcnydv98Ccu1uTsVTm
2763923014,$2a$04$7EygO1mLZIfCL9QK31DycOQT72fQ609029kS3I1JjjgoeVQMaWV9.
6805314083,$2a$04$C.40qb43Znm1rSi8dSl/du1KvfI3B/2i4G3JIs03bpeVLcO65eHPO
3598139449,$2a$04$6aaTHfmKC5wzdcfq.52c7.lMmDeISYiYd8qJsU9Nnq6e7y7nSUxe2
2478855739,$2a$04$uwrq/9mQm9dnnQH0A0hfP.Mba8d2rsFjSM8bmcUMv2nUDKjcsiAvm
4961761674,$2a$04$y7gX8Zp0yI/1l645iy.bjuKGl8luLwS8ZJhTSuW3CnkP3Y.x0Qn2W
8796770971,$2a$04$JilbGdbt52AopRXna4tb/.ccDlkiGB7GOZTZxbeUvEXMxwNyQJo7.
4933758652,$2a$04$jSnlObgM8JgeutAcqONDjOhW3DtwXCEzQ4dUaTeW6dJumSeLAZp7G
8447744664,$2a$04$NakdRVEMN8JGeKF8/Ae4iO6OcdzK4.5Y6gSaUa7QEoiaSaXrAQmSa
1162175335,$2a$04$Kz5bqiHjXptgnm4l.H7lSeTvxc59JkAxCYMuYJGk5.4BvUVYB8poC
6851707652,$2a$04$1F.dqB13sXg7qG3YzOCVIuc4pznXAZq07GitEJXdECEzqFxC3lkKa
3158871222,$2a$04$EuBHONT54X/eai9XQZ6WdOR8Ier1V.qCE5HMCFleXs7z71xUvp3QK
2661442916,$2a$04$klEeX7cJ1Y0F3MZEQQARM.oE9xGm1.yPrjdemwGyq8IBuZ1bweDK2
5693675927,$2a$04$brb5M/7IX0Sptlp07eyqQ.4ijvm4Ljx.OyY1CTcQ4Ie3dQNB/K302
7654125096,$2a$04$dwn3ROaGpKLb/.EnoNi4eOwDiX5.jIV/EvJqVyQSfed5IzZHuT1pW
9085694585,$2a$04$hlX1G.gyW8vfh2uoufJUIOxxS1gUOPWz7xcwDtWKDrqGOzjlTlSRK
8974678819,$2a$04$g6D4o949fpMsTBIt/QsC7.q4umwKY6emEW3csgVgP10qxSgRuiROu
2356237479,$2a$04$rdBaz9i87wb8rxiuHPWN3unIcaL019hQKRuH.dMmIjD3W0bVRI/ZW
4295665898,$2a$04$CkujYnch6dPdo4rJP624o.3CsHHNxiQbYwleT7L5bTar.nDv2sNcq
8943407400,$2a$04$pSOwMf9pWQ3enaooHb9PPO7bwl8/tkjSeKGSlQ/maFpY4FVxik5ji
4889594194,$2a$04$dzf3Z9luw1a9bCy3Ua7CQ.hKFB8atfCNJBrtmCIVuy3uhRAMZi6lu
6571531282,$2a$04$2DDwmt86BotBF4kBXUo15O0IvDCJgKE/XEJccxDF5l1yXNgYkKfGG
2989538090,$2a$04$OmdLSqwkSmOaP56aJeuieOHLXN0Ag7VwTzfdYY4hzDJ0aUiPuzq42
4629054946,$2a$04$ajE3psODmLaYhEv8souBeesC9W0V4p8E95v2AlyHF3Acx6msmLpvS
4221141980,$2a$04$CXufoB05MVX8X9lLc.lSbOo/3WlSBiTwz04LzuHmhdlmj2bklJ4Ja
4089618257,$2a$04$OqaCRj11ztGQHsVByGBiXOuan7koPQV7NznMVcUsANbxF.ooZzGsq
1795300172,$2a$04$W7yrKAQLYpmDsM56C0ugdOzqkMyp2YPaJ.0iCJqQsa46RGo/iuuwW
2816823962,$2a$04$C3zFVGXKwXFYSQC9gxdgNOkj8tiWbF13FJNa5l1Hba2XcuTLCsD1i
4227393392,$2a$04$RDC5.hDatggZ7WXPZQa1Ku9okY2476oTh5oPmxK3cS6b4vORk5fS6
9629958634,$2a$04$BwAints0RogqfmRKgWgjP.agEDO2DTlkL9E3xyW57rl/Ng8LqNNC.
4702128673,$2a$04$fD9cQxD2v4bIGJTPlI.AtOUB7vAD/7anhKPS7wBciE1W/epWUS3WK
8723460536,$2a$04$TXN4FFyEXj1frxIbMjytAOWvWMgBw/SjmoZEjqzxa.5ThNMnOFynm
5564231001,$2a$04$n3PqkHz51bTYs7Y1U8yN7uJxivWhfMf6QyPOGrVh.W2JAZZi71ulC
2247620857,$2a$04$5rLv9t77ukStleyoG9RXS.8h5D/QsuzRs5zBdlMUtFCsogWs8p8Bu
1229912128,$2a$04$YFMZ9.Z5b5R2IAf7V9mbn.DgoehDHk/RFpN.vVXAuvVAMDFc4QT46
2217414610,$2a$04$Vt.PEbTIbB4mp94RfCMYW.RuYfbbCUzi0F9fti67rUHej4IWdfe7C
1926464080,$2a$04$.6eD5JNA/G/tGfORC8hqB.fwtG9YgzYk7xs/nddLWM66zrJStq0M6
9263068047,$2a$04$qzWQe2SwPsQmut5abuX/YOtyMl.S6CHspY8XyGGd17FeXUPiUbKF6
1799368113,$2a$04$5A1I9KorZ.lIm7/fnomtvuAqNx9j59kFe8OlIVZrzr27WMSX8JLme
1669595098,$2a$04$WDNtiU.f.Q5/WkWe6g6COuBRZGMgj5NVukfv78fv5ibUZMefVt7mC
9244035040,$2a$04$dRB86gHV1xavYDcBCN4uEexvrt6xdYx/jTHToDhPuBI9tQGO1IxTe
3731528043,$2a$04$mP/qzr17h07o0j1MZD50s.7sBrZXu/f0D914hXWyw0Eml1JtSKJdK
2167915213,$2a$04$x7urPTtOBIouaN9ipryPxOu5A34fG/sFzDZUVLiDjx9VvQQ0kGFvS
8536662846,$2a$04$JVPwyKW7HS0pQcWMzcVUAeaRmsinsH.AgtglVZRNj6BVstJPdf1y6
1961671505,$2a$04$KGXpmWcrK9rOfKef2KiDo.2t1roBG3l/3TR/zvP6AWIMgtIMwJXkW
9087538860,$2a$04$Ynjbz4nWdML9VbBfGs5UwODSoNvcTGTUUYcHpbe8Wrbk2Av79NG2O
6614936068,$2a$04$qdhuar4gAqmd.IKMC4fIF.dqj5GQU85jHDbOyD9KjbVYAPtvmf4dq
7135744647,$2a$04$x/Hd55Dcou.3xORkVPGNiu.zwvF7ix25fpwj2n.1r51P93KnQ...m
8904275412,$2a$04$bbjnz1TImt2rzpiKuNAGeeDknlyOj1PddWrSA/fFLS0nmUorpqWQK
8641519296,$2a$04$MKoywjnrRaTXg8053yC7e.Vt7IFFWx8cNAsY/NuZ2CJIk8XOaNV9e
6059082637,$2a$04$2XaUI2Q8eVXgBWzSsP70uOYKBLnkfVW2AyJmJa0yKqCizrwq4lTbe
9218324257,$2a$04$cSVynwvVF5sQVSI.W1yC7eFRKqfLinOjdZbLjfyN4yzEfTB8L2a1K
3014129293,$2a$04$0zV81J7OwDK4nDY0aO51EOgAcdRSqVcHnAMEN6epMV.AM0lrpX52q
6231348029,$2a$04$mEb89rDc5Y3CKZnmh1nN2Oq0M/m5rjOInHO0v1O.A7h/.8yAxvwUS
9424323081,$2a$04$zvf0VJhxUt1QBtPoShLm8eTdxWc/xtGXnUV9kiPDi7OjAeug7jYBK
1132879930,$2a$04$Rfde9vWDM15d0V2yzMh8eu46Tmkh3t5z8YvX2mcYx//Yfe8QqcA3m
6989226225,$2a$04$T/xMfEcM2/3P8QzdNfdaG.SckYAg3ajK7W8rFpxS6Nou1cXNNINGq
5714046690,$2a$04$Nen5VRcnnmfTKFJuFRxW3OJTGUrbNoGBQvY2ZGMlf331GZ6WYzB/W
6467401284,$2a$04$41rd8v.RHBUWzGm9/qBbhuR/yt2zFYgLdRH2SJjubhgGz8mXuEkpy
2159542874,$2a$04$LnBV9e1D0wofPKge51BAG.YaLvHRPfbVVcvMFaLnAb1q244cFIs42
6141026663,$2a$04$Pc7JxNhoT6hcLTlLh5VEx.poxJiKp/kGSb.lN/dfYZ43uH6NCQ3KS
2917465374,$2a$04$leK1.UkM05oyWG2eZayJBOWywCLCUJKn2SLJSI/qY2LlZUN13bjau
7505198058,$2a$04$5Wiv2p1gAx69bHXtHQrIs.G68QoVax6ENPLyS.B0JlSr4umCdhx4u
7356264289,$2a$04$GkLB6l6ANaCzYZytvtnGEe/AnWydY3y0twoRn6zNhQGXPOXHsCCPy
7425223016,$2a$04$..mb/mf/YHJNA9LJ3TvF.O.P8E.oIBUStTksVvP/6IRyVbOzLJq9i
7366794031,$2a$04$MkH0UWD3WM9qyEWmtqZfSekaBXFuwZJaXu5.ngh1XrMBeymRqeSda
4087518915,$2a$04$Bxo6Iv8p7eCTAcSuDvApneJ/YaFIF5eyy1JSgOaMGlfnrfTnJ.YZy
1584214602,$2a$04$8nzc03wUWr6AIAMccj/F7elBP31P9xrBA8MQEh7ctuthkCSwe3wb2
4106505111,$2a$04$Zk2c40CvWXcT83qpKjfwV.mFoatsHEd0d8C5FsdwhLxOOgRIJMQkm
3867910010,$2a$04$xLAY6Lx8/XZF5vQpw3BY7Ov0J7eizUnADQCKRW1eqvPmku0TkHk1S
6208926544,$2a$04$uAjcYcq81aPhzVsjC8qk3ukYtnnC8vMHhFS5cH0ikZ/laFXb98jpS
1682701141,$2a$04$b7GphjF9TdM9vzZBALiKweqQMG/XzjzzlPc8FdUX.7clRLBk63MS.
2136898924,$2a$04$ta.IHKnRUhMOGiWfVpi.AOF.i4a24UQMidCgl3o5ar47GWo/XHbLq
3288861165,$2a$04$DokMvdOds4hZWDPRRS0aSe2or1fxWtBBg7IerEHZLgkhuNjuvPLCe
1246775261,$2a$04$ZAJKomYYhWTrN.kWv6SwueNPFphoB.IjXTPELULQB.NRpD49wHa.a
5252442910,$2a$04$uARBpFYtpVFtcjZ1FBdpiu2iUHp72l4E1X3KDTDiTPRWq2MjiqdvW
2957722732,$2a$04$XUPi3clW65d.A6xqrevNXOpMUY0/4P6lY3bbBkNoD68wETjF0AOtS
2162922155,$2a$04$E7E9XHwSm1cb2Jejir8DnOWHQMrLJtdcwJNmfEfeDzQHxmSAMIJ96
5953654504,$2a$04$wJO8WFW/b3IAk3ny3BjBjuKxkwfuogQUKjTk397fjq3tXDAv8QmJe
4794918695,$2a$04$vW6doe/ERCpVBRaTBWdNxuNamT64BMUcCqFdKLkHTpXlhdbGguoJy
1108396530,$2a$04$cmijmm9BM9KNXyturIbQDeov23/r/GCDxC2L/776tKI.7qqvClyTW
1543132302,$2a$04$a3pYyz5NXVSraKsMnFCsUOWz0Fpq7RY.FFr.H9mYf1.lUg3i4wPoG
4223560476,$2a$04$TVnEc4aRjwUz7vcQWmJOuuPtNWthX9U7Iww2ZkhNbU2lKSFtr5h4i
4957104487,$2a$04$Qtvhf88FrvTUxQy./BLg1uraH2CfACp/v8qkXo4G3N7CNCGU2.IP2
1586866362,$2a$04$KEQSvGL5waEgBo7U6vp.E.mtfNTKSQlY2YIlxkK8klUWFGteKdxV.
3988950979,$2a$04$t1n4IOB8iCgNJL2ys704AujqIe1kUJqUMrKEj5tyORC374CPLSK2m
5168183806,$2a$04$J4hAYAqnzazgCqnnu2I75.M3JXHeZEjwA0xZr6rTfV6EmbnUb/bF2
6394231693,$2a$04$sH1q9yNo6z8nElXc4.Miqe2rxGa8GNsUMQ5kDMrTwydR84ofK3xHi
4304444216,$2a$04$KOyok2FQ8I2mv7mAurK6neF/gxOVbLkc83RkXMhC3Ns/sdYEKq5n6
3404360528,$2a$04$5y5oqzEUCP7EoqLQzkXwreWxu2jp7PeL2xiKV8pdPyxsmQR2Bhfma
6669859412,$2a$04$vi2mW2FzJlR/aSWdpu/pveCXjEQAhXdYh8BgrbtsdjroYwNxE9wu2
8911195270,$2a$04$lxTZJJRP699JwYjW853jJugku6uQku494PIfA1dwcvi7Ei5jCqOoa
5853174915,$2a$04$6a9etNXyFfxg6Fs0JOgVj.iUzCFKIpO4LbP4xUDbTPC1Grt4SV5Yq
5026895427,$2a$04$S/tjVfQDhACmLgZnVngecuey7hNL2XcpXPA1SL02ebjQOxcebdAmK
7766626430,$2a$04$YqLha4aA8.8H84Z2K4sbjuBn9g8XuCxTLz4glkaPXluc4jg.0DEZu
9693072725,$2a$04$iTFwav3y3epYcoRCikCuhuGflfNZHV6h/IYCLcrlqWouAru9v3r2u
9773442691,$2a$04$bO32AUX2LHeM832oXtTt0ewdjNfeu1JZiE01BH3TIPN.KEurJIfjO
1811973356,$2a$04$yHz6R8OC.mTkZYfyCRzo9etF/gaRJybA0yxeyRMdfsHvAHjLavHmS
1214277282,$2a$04$jVWD7d3ySu2IU71kz0dLfuu4IyFfJRdvXZmm0dIXR0h9xi9PRd5P2
4094146769,$2a$04$foylHuRuo/LZeiqqvDgWAetEuY3DQkC/S4LB58p.rgA3mZwAae3/i
3183054101,$2a$04$gOeGBSel8Qylhb5or0k4NeqkfHdaDJGM2D6j3PTGAk7imF8SAkFbK
3604286186,$2a$04$5hWJXt/oB3O5EvewYUTDK.nL.Lfm3lClOJIUBA1HGgk2eeD5AuPle
9985111098,$2a$04$6Q7yHnGJRY8UHrU2HjaaJuJ3T6Bj2La615DI5Nz3tnqwWaHayvXn6
5644848902,$2a$04$IKhnqYufP1DdqiriuWWrXuczk4Utxu0Mk.vuWJeQSQDPmRNhTUo6u
8685829593,$2a$04$scT.bfO344bAszVXu4xXHuLc97/B30DmCfSDUSIuwawfWUr2SIQpG
5629688398,$2a$04$o3egYijd0vKazDQBwhwGyuExMuLM1wbsSgAFqp6UkTFWBPe/0Rz1.
3206932457,$2a$04$EZRNAMihcDJXZxggdpx/YOo3J8v3EAtR1MdzoPw62PXvadGAuSJrK
9955556739,$2a$04$9td9Dqe4d.IhYYIE16xDJ.a4ZIijMFVF8kp2I3nfR6TsOdIPNzJUm
2759765552,$2a$04$c2lfJ3rax.3SsFXOVJFmpuemB5voDez3yk.1QrgYaRrWqW1c/4CIO
8132013584,$2a$04$pGu/kOM5RTFMHoWwImLfS.95cIRKC9py1NdFJChwGw8n3VdKAFbZK
4817416848,$2a$04$W5C7Y9p2O2gQ/PVnIa5YS.eSMbtXhvHYGuRdFmXa6ZO0rTHZQTh8W
7411957235,$2a$04$Yk7pNhCKwK0gmaUDTKeU8esIAN6KD7zUNhQqEpkTbxIdvddlImX2q
1514106517,$2a$04$CGwELPP0CuZRO35pw7rXDO64DcfsJygpPzun35ehtf38Hv7K6Z7Ni
1469438635,$2a$04$icj7H1B3RCK4YgcD.MtdiuuqGYMj2BhX.PYOc9wj7JHfLsKtE9bEK
9044067550,$2a$04$X9MAkvsO57vtL4R5CpRN9OxK.g28PR3Aq1ebltKd0L4w6mpqYn.j.
4147932212,$2a$04$vsX/cgjW/0hupWf7B7aaDeUzvoNnLWnauBrtGlPCBO/udJV3xKuAK
1437245434,$2a$04$EobFuxlB9K7mduE7To5VzO3iPnnvzaqFo6H94t1LsAQ1gibPY1G8i
6091938907,$2a$04$CgX6ROJeiv65PjzppKkxjuj5PFSwYVb.v0P/4I9LehUrw4d72lmY2
5942472965,$2a$04$p1WPmzwN0cwJj3dH8dtWaODqbiyFfQzw3uRm3L6XeEwEAcFsFjEmu
1036881392,$2a$04$4FyfIhlubNdjmL9USEW9LuOtDD.HJgqXN/advL5oZbOSjbf26mmUK
6494575372,$2a$04$EgLX1pNjFE38admbLYToROYA8RgMlG7ThUooKh6nw60hKiOEencCK
6188724219,$2a$04$CRzZb10GLVF3EC.obXRozeyT.kFmJcxYj6bKqw/LOYgIcYXM6nKyS
7047591692,$2a$04$rGC9ogXiZvVPInhDwlP0.erYwLyDIOaZv/9vmOyHT3Fh0yMFAYLy2
8668672108,$2a$04$hC7uoTlA3LoJkbqLBqYXt.J4M7DDWjveEemP/04QIlRWQebN.yuvG
5007565552,$2a$04$TZzNqTDvexmMoOBQ4Fv4s.ksI01l5O.jsVtq6ZcruRVfwxgX36XxC
9369518108,$2a$04$59yLwWAifmkg5mbN572MXu3pZ4edDaytxrqGM/OkjoCww1DRb149.
1945557205,$2a$04$vO3jYRj0ALElGHdDsqnHyuN4/udiopSVpS5kNuMZkEL/5PR2SEMhK
6151134713,$2a$04$uLpC4V7r4ND3tpKDP/MxQ.M0/UNyf36NFPfE3D5sV38t2AkoLxpzW
6615965497,$2a$04$b0NACfBIF/x0wgXNp4NBHuvZzOJQ9RtYKU1.IfcLeJX5pADx2Z042
2305269377,$2a$04$GR0diRIXFhk4UaXb3xcT4uzW//j/nbTj3RFOX8WqnXRqh283Ul3Lu
3169467198,$2a$04$RkSonop61K2q4pvsYTQHz.YNuemYao0OjPFZrokHlROy6CqBMVPCq
6634238757,$2a$04$RY1cIk0ht7uG3YxurS/lNuf0Tg/FgTNX4VjokqQQXKhO6LiEM1Lxa
4237147470,$2a$04$/IB0laBA52Q2VIqNYIZTBunq3x.8RTZiTYMVEYxI6i/rSwGU7H6I6
3281870490,$2a$04$BGjvcAXFxe/MvAgi8lFjWe.FylhxkAcJM2W4hj7hueGFxz8lQAa/W
4107278247,$2a$04$ykhM6Q3/VLLQZxYhnT4yEOWsUq3dvRRH9INvuWc0bT.TUt1pRtiqy
7888288231,$2a$04$XMkzcS5SeXIsUdQ7h9xDauysoNh8/5q4cVsU13QDxAMyKGLdbm89e
6847129471,$2a$04$ZRJAiKChEgqSTb7RAsU7xeEbi/pTLe8iwl5ymV0qWOVullekD0q56
1447835664,$2a$04$R22mieuagRhwKBQ7xTc2o.WbxYJU9P9xbzmezcRz4aM1CRcvW2i0m
4301661453,$2a$04$5LuWzC92.SaoFZ.lo8oN5.VRNjiHyyGpBkcSQ1fWC5RQtUB0DgxMi
1538365012,$2a$04$UnhMr21bp5ehO.WfjwsbeOtpzsQZ4nESOkEC7SOBNfVEzzLhOnB.2
5587323681,$2a$04$Z7BLacXVQIuZsqcA2PZq0O5Kug3uXbE6YQ/mXZ7HnvwMkMbDsC.eK
6609002015,$2a$04$WR8KLva3UaRE/qncWKlUeeW18Uau4.5qYMoaXqadmC75dgwS8kUnC
7589568910,$2a$04$jPjrhiOd6KORlTdKIei1d.tYn1wDyYcQa/cj1f8mKobKg/lwV640e
3269149412,$2a$04$WNYjMOF9Tm7kZUMO.57o4udPeU2WAoHKcqUUayVtvIqZXgo/FSwg6
4059852813,$2a$04$ec2JNcde6yI2ZKDJrsyofOJkzX5KuyD3n8FCmzAzrGaDAMJk2khoK
3406738740,$2a$04$zOZOargR2nvJd3IBND.3e.5FE6eB9HrCIboeWhLa1cwxfUgfhIwjO
8021544604,$2a$04$OLI7jGet20xoE0CI/0cBC.gViFl8dEki3v6sd0TS7IEsknMBJYxdy
7497516247,$2a$04$YJf9eIhhJWlmuYue4XYGGeKQn7tZ8fHWj3zZvpJzYYdd3PTwOhor6
2189996670,$2a$04$TyQSZeC144DFoAZZCx6LieIzlItZEGp.DsWV15TWPE8pSMcZrSNHW
9234322035,$2a$04$TZBXhF8kvHhk2CWMRhmCPeZV6y7vdU.8wpB/m8yl/rW/SEXL5T/fW
7529533009,$2a$04$fV4/BmNcAeatIfK9ocvHA.B9okfVBNKx32j6WCJxsPkaHEzHlr4t2
7091111293,$2a$04$xks35PSxsl5XQGgPxmKGg.D7AirqtknPZzNIIY2CBMVADBJEFhUdG
2308729248,$2a$04$mZ3ADyVQu0Vmak0qCVreDu3/C0gHH6E.bquVwlgIkB4o4Gphff9Ii
6737365638,$2a$04$3PV4vG8QsWbzWF4vVUIlK.mkAAqaQGtDLLY80CJy9FXFaIqZEemt6
6422773234,$2a$04$pT8lF3QL4ivH8QEBtdTMQOp95XBW56azfdaAf00pOFOAnY4kvWCoO
8181087264,$2a$04$6R2JEe3rLBTOcpHu2f2j4.ZMhaYcAPFNnf69QRyIjzWlaHVGW7Lvu
3997871069,$2a$04$afDxuFL.fpXVY3GKBeaX.Of.Njuq9elxeunO6oEodvzvG/M44Vuse
9243866364,$2a$04$Xf1lwcHq6ZFf6.Z/VI/SJ.SHrzVyfwQGOblj.qSh.dT88fGgWKxIW
2297703465,$2a$04$Qj/wcqA03irT4WoHr61YA.2hpSci5DWF6cE4lnHLs3xcxeZVRgZLS
6685511060,$2a$04$94HUDHxB2GeDutHkEj.8zOrToctcdypJMHHUzG.CEUAkU9ILQOXhC
7318317541,$2a$04$T7k46HXwJdYNRBFK9Z08OOR/jnNaJpyOe1qfrUgLJ4FP0Hzn2peJW
5136519260,$2a$04$.wqKPojoMkqxsvnkoHgHeuvCR9H4/mKRoEKZRiARKE6LBIXUmjhWC
1243245502,$2a$04$V/sFqatxr9DHbsaGK7brL.mfULnBeMVpjM1QmOQ6.neLKEdQp9L/S
5199478208,$2a$04$ga5Dal8Q6QExMZYJlxNNPeBvqjtrw63nZw8NSLdxZdvhZsqudLm6G
9973461026,$2a$04$if1YJKZZyIKUU1yUI.yPjerA8Gq62WFII80kWpZ9slAQ0e1XIsZO.
1533035547,$2a$04$K.QxZSFrA5o4O3vE/0PxJ.6xV/wVDs1SoiydpaM6VBoes8673ZV.C
9846577319,$2a$04$.kaTCXF/2awODS/j.bl8OOoz0REJKkGPtTpJW5g17fu7OHOEMl8g2
3216885882,$2a$04$zXI90/NDDdN14NcweCsWxOzYbILkJw71cTThNNeK8eQBeiCy0Snni
9136807875,$2a$04$NJ/.nwsy1yZ9PUS06HCkc.3Ri9KSXWg/LVkwdqHGun68NTiN4/qp.
6165488634,$2a$04$EJHy9wllzxzjJ7r0OXB0ruk68IorC13dNg7q6WVlnki4zX3GgniL2
7886752539,$2a$04$w62ohCl5G7dDjouMwK1ZjeYofB5eHL8DJ2CyEgkmJYoTAzbQjmwaG
7788004642,$2a$04$GRLoBfUJsFOBXRfd5wZ9IuoCNMon8Fh3jwXjfNhXr/NVt/bYfdnu6
8426681538,$2a$04$c1/3PynzjmuvbzMoL9xCSuOEbwSjHQAb9vcLD9Qy6AIQUKMtx2EeG
7387089638,$2a$04$3hU3.ZS3wqq7Zl4WQCW1feqwpRjhysc.ANvAFfuJYcxVOXsWC78YW
5937504869,$2a$04$Oj0Bn9WB.ZoAA7LB6PjZO.Vf7OnU6HP7HeDniqYiX0WAkSJkMPSoS
3211091434,$2a$04$yZeMYukOHoNwXUG2xOLu0e/2yFpWtJBhUbZQLNExyZeIgm5p0ikvC
7834640553,$2a$04$SV.bprYlK6pRGJCRMHcWBO8EbQItTnmWtB8y6tPpU./YECj.qjh4u
9139217519,$2a$04$3VZsYkdyTg0i3xA5MSyVxOBPaAkvyg78GblFWOC8sH42X4wuhr99K
5314470195,$2a$04$.b71AgEpDvzUzliTCXtT3.IpVq/RHzqQcJAc.ZPpu.m0gMsynKfnO
5718793298,$2a$04$CJPMHnrjoco6No07UnZg2eS91m0ayvdhHpuvoYGqWseYoVTCJaab2
6143412572,$2a$04$PN7d47FSvTGnfMxZkDWGfeCAK67443hPico8HF8qMmNmB27XRnb6m
3612621782,$2a$04$PO91R0BJ6mfoesU59S1M2ek66S4nqh68cmOeMz6/ETPzmxNMLoaOW
4785473429,$2a$04$nGK6whqiEunab.OBDw72Ou3VuTSu54J.Ueqt0CczpuhFNiZwia5gS
1674133121,$2a$04$0UKBm.uBHIV4LKAYd3NE1u/xEoWvTq85pMGiTB.h9Nx80g8bIL6Gu
5096144783,$2a$04$e0p.Yj1NMdhnNjAwgM6xhO1XCIy5/dQbrWbDZ5XBADcFcSGDmte0q
6026384918,$2a$04$Ck/YXGv0p2rCvj7ebgE92OvCZmJlC21jTgCoOIx.5OwcztRdb9PVu
7716690698,$2a$04$5shJ1ap4fxDb4A1lmis7SeK4DK6Iw9KKb1IHf3gNR09M5udxs3QFO
9337412010,$2a$04$ErSrDHeAPUU5PBZBgbY6De2o19ATLt7pvjJAgvrHgDdtduTo7ufoW
6184337739,$2a$04$uwRovgqXciJPQzppbPWpFe3oj2T8KYZPdMOephmnFKn/otvpaM1u.
2494260863,$2a$04$yrtWPaUz/jz9UKI5QchZJ.DJ6X9WGm6miqtuPsSBOghcHYSrI4tMC
8823330412,$2a$04$Z8nshyKZmsVCHWUYXuDRE.NBMbGw2gWB4bmXDXxO9zCj8oOmkUd7G
6564523127,$2a$04$O0t5C/PXDwG5jzI3FT34pegxujKSbuGVx1so6ugWCjJOVYTWyCd8O
5464258584,$2a$04$5Vhec/m6/t4iT1SQ5N4VvuXpEMIsvr0B7p8ZU77s8kvMIcXmkhP/a
7379051537,$2a$04$iwtlG3vh1.uWxmSLhwOs3ea8./lfU314DQthjLX7T1oDT1Zmx6NsS
8853720584,$2a$04$If2CuC0NfS5c98Y3AVP7neBecQJYr/z6r/u6W6mVIxuasIjLEuKq.
7854931350,$2a$04$w8srS1HPQ/aLw3c9bUzU4.cs3bcgTFJRBGJ7fa8D0hfrGn4ixK0ba
3165472435,$2a$04$wQ45Hm9duHk7K5WseosNBu8dn6efietwbWFbF57zXxy5DDYLl8MU6
6683938986,$2a$04$.iMA9mSMyrSfyaWGK/BjPee/t2ycoPwPXZNk4W1/HRF5Hposo3Rr6
2833508818,$2a$04$byiB22wUHWTv67uQnZ1okuOuCAVbRgyDgeSWHiDrhrnDW1dBPTcgW
5886872850,$2a$04$V03ndrXRySC9Yg0vo1uHwOzz5pVT99rTqSbII6jxrO6eqyQEbVYk.
4197308070,$2a$04$2.WOHAfg/zn1vvE6pYf/iugOp6.arek5vlyaWVubIV0GWUqlqMyza
1188618149,$2a$04$sWgWXNqfcsnqn65NgddDieddK1YY2GyL06IjBoMejB7KGxvrF.hE6
1343161621,$2a$04$ika1s8yb5IqfMQu1oj7bFOncxg0RIlIFB6e5kQPy6Dkh2roeSt1va
6305148667,$2a$04$Xso8J5Vc4Y1y8xCkwd9qaOR3K9a74KzSVuLTfwK3KdcHD3YigkXkC
9544070876,$2a$04$o9RKgwaci7CtNCzFGMvDf.dkUE5yRIBwbvUC5GAqMLM2CqTl7UiDK
4722809647,$2a$04$1JrMSJrX.BBKjO6pOTXJHOmdC6F5KD9T3em3wke0NlJDEBuoJgqka
4468658189,$2a$04$HXqGTUQKEfhFpX46sDvjkOBOs2gYxhrE5gWKoFw2FgORR6WuTWxuq
4848770583,$2a$04$XVKY8YppXl2Vf8iKpFHkleBlLg/qNlY0LvkS7NxCXmYDHcE5fn3jm
4109475867,$2a$04$KpGn/d.3wfKzo2L/UUTc9.qB4p6THds.SkCyuC1qC.XG3ULhd.A4q
1717213361,$2a$04$ecExjSUdwqrN.nzXQtO8UuA8HcOXBjWgaxQtYiWBu/YzSCn40kNSa
7548469340,$2a$04$T3ZQ5TC.Ex.ALSNf4taTRuhqLADpnDowTJ0YNHnv5cgCn91hzRJNO
6501028834,$2a$04$rZaMpeotsE77EKmnf6wtX.GgcGZeR5LJgxXOBINTMaBgF6iZJLSg.
8836422349,$2a$04$1UWHgw2rOoRVcElJJgVp8uNh24qeV2LTbGHscS37Fn6PJYfyTV4pu
4099182641,$2a$04$nwJKLJOwBf3dhHLLo.7MLObfDmNpPN7s4Xpu4FCbYiYdY3ezKR9ua
1061734200,$2a$04$CwQgY1vL6j0RXK8cl/gf/eDSV2XuqV4gY0ZC3a1dZz0MNpR59cFt2
8243834048,$2a$04$hKyDUuXXwU6URAxYxu1EOeaNxPe0oWr9ulSTwRdwE1/LaCQ03vcBi
2819730311,$2a$04$25TtUKJujeluuJwwNWuxl.ds/4vAjNMcex1Pn62BaRKHPQcHlQL9y
2308012410,$2a$04$swfXwlZjkti.21WhiJ.X7eEdN5SncGmmPXemkwyUzRKYV6qDTP7Yq
9779256322,$2a$04$PF3M0mnydnieJ1rCL1JaPe5ok1hf88zqPp0bI044ublunotnNYBvu
8824261524,$2a$04$E/32jGf5TB.aojAs2XlkNuZCC7ARd90jESOD7v.T96/EFNo6bOtjC
5431697529,$2a$04$wXLKuUI5JX6Fg7nwD9GtVOtayniCP7ud82og7AOFyD6qQjhz08bfy
4805650345,$2a$04$u2MftFm0STzdcnQ5xROmiOn0yi3AlSUaGZAiHc48zMe..cIFl9DSi
1579325124,$2a$04$W488iyY19xv8rjp0zyseju/v1xjf2lcvGofFeip2qFdjUFVDgCTTC
7106522133,$2a$04$LX4IuhH2Xdq30JIZe8dR7.Kv4fKx5T8gplh6093mbVd1icz8QaGRG
9485987826,$2a$04$Jx0t1Wr3xpftIY7b/qIetOXQARbD/3RuZw5i8ubviIZqtWEu3BCjK
2032370172,$2a$04$9mqSRNP6hqY5CAdN1aExJeDLELPZRMyg2JRagd7Tgzt1SZ/D8QQvC
2848513744,$2a$04$RX1RaaMQDlQ99rkYYVbFM.l2n9V0zlUxmlJPF50js0tnDJr1gPR/G
4453626082,$2a$04$LXgS7Ut5B8zyUaHygfW49eUZNdEGZxOqf2ikEZupifbXxzNj8HaHq
8799638403,$2a$04$XImfipUhGpsSR0/I6ucsvu4zm6hUj8T3XLYLavs5GC65OKZGefxSO
2207084867,$2a$04$W/k2MeGi8lk2SJ8Gsz08/.YCDdX7bEK9u3w2WTsqLc8Ea0rVbX.km
5707970365,$2a$04$DziVm6lFtLJiBZynOUR0Ieaj8OVUV9MyBXiIi9947eoCPDcY5.fm.
9981912829,$2a$04$aK1G08GRkoePY9L1UfkOHuHdE9zHLd2LNJ6BVLpK4i5EGqoxCDC/2
8482352602,$2a$04$G9UvPEvek.Q6Ho2Uy7bvTujK70dqOv0JfSqlJ0PkqQ5XpmOSKIJKa
7606730316,$2a$04$4OaZ2OHnvSpWWE1I9Euqvu385dRSbfvux5v1gCpJXgEmnwxtADRSC
3114677889,$2a$04$DLklWUO9nZzIQGGnH.2t/unZSgkDxXPYNbMhfPRq9BTbuOpJX41PS
2647795710,$2a$04$m9wlNDzMwFYEi4tEtCHiCeiu2hXYhj.g8FIg6F1TYF8t36IhMVguq
7634245541,$2a$04$1HA/INpie.QV7DNg3lIfYOEp1vrP7Q9K2qcB5Lb367knUShgPA.0S
9495642359,$2a$04$Uh50jGfAC2Opbbf6esKpM.F9VzgUY.oDfnYwtwPOOp8ICdPKFQvwG
8183149879,$2a$04$Js8EU9wYpuLKCCAqPShEeuoedg4wSaFSgXdVewySdQMMCaVLmCrZS
6109927248,$2a$04$tDwr1aHyxnRK/XCJv6OjJ.kb/8XKmzYz6FSXamJ1Ky92.fhp1BqeW
8984221065,$2a$04$nY/AmM5gXwDXtC8THZObW.2mfNRkzKixiVGFMwhtAJflptb1jzi8u
4789267791,$2a$04$CLkeJ.6cUhZzYbGcSJphGOwtGYn3xKm90fM6gYqsNwXCelFJ5I5GW
4387817616,$2a$04$ll7M/Vvcb8WkkraXEJEJtOOYfiYE4bccAwl/AgJVXVYD0x5TiMRBu
