first_name,last_name,nation_code,birth_date
Peter,Bamfield,1,2010-01-25
Jodie,Imloch,2,2012-09-09
Hunter,Farey,3,2018-01-19
Tatiania,Palatino,4,2002-07-09
Caron,Pareman,5,2016-04-21
Tabor,Critchard,6,2004-08-22
Karyn,Lavis,7,2001-07-17
Allyn,Balcon,8,2022-08-31
Myranda,Cottesford,9,2016-05-24
Lotta,Leate,10,2024-02-18
Sibylle,Cresser,11,2008-08-22
Angelika,Conaboy,12,2015-04-19
Maxim,Guly,13,2003-02-26
Alon,Pummell,14,2005-07-18
Garold,Pinckard,15,2019-10-29
Cristiano,Oag,16,2023-05-31
Candis,Clail,17,2016-12-09
Mirabella,Pettko,18,2010-09-05
Nevin,Albert,19,2007-03-26
Alyssa,Ismirnioglou,20,2005-05-13
Ursuline,Draaisma,21,2000-10-17
Elle,Toderi,22,2016-12-02
Archy,Cardon,23,2017-03-22
Renado,Grieve,24,2008-05-30
Natalee,Fridaye,25,2019-12-02
Car,Castellone,26,2001-02-06
Korey,Blazejewski,27,2015-09-14
Desiree,Parnaby,28,2011-02-05
Robin,Blackeby,29,2018-07-15
Carola,Coysh,30,2007-03-01
Gery,Abbate,31,2012-08-06
Jody,Grundell,32,2005-07-16
Fay,Chattelaine,33,2009-03-17
Seth,Heineken,34,2019-08-07
Tessie,Ingry,35,2018-06-25
Aubree,Ivell,36,2022-09-14
Ase,Byrch,37,2017-04-10
Sibel,Leys,38,2022-07-16
Torey,Olyfat,39,2009-09-24
Cookie,Hallett,40,2001-06-01
Dina,Klicher,41,2016-04-30
Melodee,O'Dowgaine,42,2009-12-13
Natty,MacDougall,43,2012-08-20
Annabell,O'Doherty,44,2021-10-12
Noell,Henningham,45,2009-08-01
Cissy,Besset,46,2000-04-05
Dionis,Highman,47,2022-03-09
Joell,Bliben,48,2010-04-22
Alys,Troy,49,2011-05-08
Veronica,Dance,50,2009-08-30
Herta,Bengough,51,2021-11-25
Ashleigh,Elkin,52,2019-09-08
Nisse,Syrett,53,2007-04-02
Robinetta,Honacker,54,2015-06-03
Ansley,O'Kinneally,55,2013-11-04
Bertrand,Bilsford,56,2019-10-17
Clementine,Bloy,57,2024-09-07
Stephanie,Ech,58,2000-04-15
Kat,McClosh,59,2018-10-16
Konrad,Blaszczyk,60,2009-10-08
Wilie,Blasi,61,2004-09-13
Brandi,Quincey,62,2008-05-31
Alana,Rickett,63,2024-11-13
Lori,Terlinden,64,2010-08-31
Cristin,Sargeaunt,65,2016-08-08
Marco,Brunsen,66,2017-08-02
Marian,Gatfield,67,2021-12-06
Amalia,Flicker,68,2004-06-08
Jeffie,Goodlake,69,2011-08-20
Lanie,Holson,70,2007-01-19
Che,Harby,71,2001-05-11
Fair,Haynesford,72,2006-10-14
Denice,Mohammed,73,2008-04-01
Krystyna,Tullot,74,2020-08-25
Waring,Blunn,75,2017-03-03
Athena,Ibotson,76,2015-11-19
Lanae,Cape,77,2007-10-31
Nessy,Scoullar,78,2012-03-22
Evelyn,Bendan,79,2017-06-18
Toby,Jory,80,2010-09-29
Hardy,Greenlies,81,2003-10-19
Concettina,Maw,82,2009-04-21
Angil,Demaid,83,2011-07-30
Minne,Flucker,84,2000-04-24
Dalenna,Brannan,85,2023-02-25
Francoise,Harkus,86,2011-01-26
Corena,Dommerque,87,2001-07-07
Kania,Vamplew,88,2005-08-01
Grant,Stilling,89,2021-11-06
Hephzibah,Fetherston,90,2010-09-19
Nikolia,Tomasian,91,2019-05-03
Legra,Findlow,92,2002-09-07
Gaylene,Perl,93,2005-02-21
Isaiah,Etchell,94,2019-11-03
Dermot,Quinnelly,95,2001-06-07
Cindelyn,Castlake,96,2013-10-31
Miles,Reignard,97,2001-12-17
Oona,Leinthall,98,2008-03-18
Ede,Ballingal,99,2001-03-07
Analiese,Whitnell,100,2002-06-14
Annaliese,Pittwood,101,2019-06-21
Gerick,Lead,102,2021-10-01
Margaret,MacCart,103,2010-02-28
Kaine,Rate,104,2005-07-18
Beniamino,Shills,105,2003-03-09
Shellie,Harral,106,2010-11-04
Cornie,Ikins,107,2016-02-07
Hubie,O' Connell,108,2007-01-04
Gar,Matchett,109,2024-01-30
Lindsay,Rickard,110,2008-11-08
Normy,Bratty,111,2011-12-28
Marquita,Tinklin,112,2010-09-26
Amabelle,Whiteley,113,2016-11-15
Marybelle,Stanyan,114,2018-04-19
Antonia,Tully,115,2006-01-06
Heda,Eacott,116,2008-12-14
Mirabel,Halsho,117,2001-08-09
Monty,Pauling,118,2012-01-23
Becky,Slimme,119,2024-05-03
Marcelline,Morrill,120,2018-12-19
Garry,MacFarlane,121,2020-02-26
Ibby,Van,122,2015-08-26
Odele,Macer,123,2007-03-08
Devan,Ferguson,124,2023-05-24
Germain,MacNally,125,2009-03-15
Danyelle,Cleeves,126,2022-11-14
Harper,MacWhirter,127,2022-07-03
Mathew,Dawtry,128,2016-04-07
Lisle,Lohering,129,2002-03-10
Geoffrey,Ledgerton,130,2010-05-05
Aguie,Anstey,131,2018-03-19
Adeline,Kenwell,132,2020-04-07
Stanton,Bezzant,133,2005-03-19
Aundrea,Ivanilov,134,2014-04-11
Iseabal,Flohard,135,2007-02-01
Justin,Dorning,136,2003-06-02
Berny,Standbrooke,137,2009-04-12
Felipa,While,138,2005-02-15
Estele,Kuscha,139,2000-11-29
Shandy,Coventon,140,2004-05-08
Del,Bohea,141,2008-01-06
Biddy,Furzer,142,2009-06-03
Wes,Hyman,143,2000-07-24
Claus,Chinnock,144,2010-09-10
Pen,Dunstone,145,2007-11-03
Lyda,Matousek,146,2008-02-25
Stephani,Skippen,147,2010-07-27
Anne-corinne,Aulton,148,2001-07-13
Kelcie,O' Brian,149,2004-06-20
Herold,Puckham,150,2023-07-21
Viv,McLay,151,2023-04-11
Sinclare,McSwan,152,2005-11-09
Amos,Tomlin,153,2016-03-06
Melony,Torbard,154,2012-03-24
Wilhelmine,Lappin,155,2011-09-24
Conroy,Astall,156,2011-07-31
Sheeree,Ewbanck,157,2010-07-22
Gilles,Gurko,158,2010-07-25
Shalom,Godlonton,159,2001-07-04
Burgess,Jell,160,2021-03-17
Olivia,Greenrodd,161,2022-06-07
Delmar,Markussen,162,2020-07-28
Dana,Matfin,163,2022-06-29
Tomaso,Hebron,164,2001-03-07
Nikolas,Christene,165,2003-08-07
Xena,Philipeaux,166,2005-05-08
Hazel,La Wille,167,2017-09-30
Torey,Iacovacci,168,2011-05-17
Catarina,Tante,169,2008-05-09
Jacobo,Behling,170,2008-07-31
Tomasina,Dalgarno,171,2023-03-22
Brittney,MacGoun,172,2014-03-20
Kelila,Brigman,173,2017-03-27
Gaston,Benne,174,2007-04-14
Bennett,Swayton,175,2021-10-05
Amalea,Egarr,176,2009-09-23
Dewitt,Denne,177,2005-06-26
Durward,Dossetter,178,2011-08-19
Tracy,Bowdler,179,2020-10-28
Orsa,Orriss,180,2003-07-15
Hamnet,Aysh,181,2016-10-16
Jeanna,Bosanko,182,2001-12-15
Ravid,OIlier,183,2000-12-11
Alejandro,Titt,184,2024-02-21
Roldan,Musso,185,2023-08-20
Kelvin,Have,186,2010-09-28
Duky,Sheirlaw,187,2010-10-09
Lorinda,Weeds,188,2006-02-24
Ambros,Weatherby,189,2008-11-23
Spenser,Isacoff,190,2001-05-26
Hertha,Josovitz,191,2021-11-05
Lyndsay,Pudney,192,2005-11-19
Darby,Lippini,193,2022-09-23
Lia,Kiefer,194,2005-01-02
Lisabeth,Webben,195,2017-02-10
Dore,Wabb,196,2000-05-06
Calli,Sarath,197,2019-03-19
Valeria,Philippson,198,2015-01-01
Ollie,Rosthorn,199,2020-01-31
Anna-diane,Kirke,200,2002-10-11
Packston,Sekulla,201,2004-11-08
Marlin,Boullin,202,2003-04-22
Kandy,Summerley,203,2007-08-17
Thomas,Gillan,204,2018-02-14
Giffy,Shelmardine,205,2020-10-04
Issy,Peet,206,2011-11-22
Gregory,Farnorth,207,2020-05-19
Arlana,Croysdale,208,2018-04-19
Melita,Larn,209,2020-11-05
Karla,Faull,210,2012-07-20
Wylie,Gamett,211,2017-01-08
Rance,Leary,212,2007-07-02
Ginger,Corrington,213,2019-03-29
Juan,Speachley,214,2019-01-04
Chrysler,Roblin,215,2013-08-17
Lincoln,Rault,216,2001-10-20
Janos,Allsop,217,2010-12-04
Danielle,McKain,218,2020-06-11
Kiri,Goulbourne,219,2019-09-08
Frasco,Roache,220,2002-07-04
Concettina,Corps,221,2011-07-09
Cecilio,Presslee,222,2005-03-20
Orlando,Toal,223,2004-12-05
Jody,Kydd,224,2002-10-14
Molli,Ripping,225,2022-05-07
Prescott,Frude,226,2012-02-22
Reina,Busby,227,2002-01-10
Halsy,Bellham,228,2014-01-30
Gill,Haney`,229,2022-09-13
Inness,Winspar,230,2017-09-30
Claudia,Androck,231,2009-03-29
Jan,Vondrys,232,2016-06-01
Mehetabel,Hugnot,233,2024-01-19
Tymothy,Witton,234,2007-03-16
Roderich,Vawton,235,2019-11-30
Corliss,Beglin,236,2007-07-30
Burlie,Capeling,237,2011-01-05
Angela,Fatharly,238,2023-09-01
Dolf,Antic,239,2002-08-21
Sherye,Gadney,240,2003-10-12
Reggy,Grimstead,241,2023-10-22
Jennie,Gon,242,2022-03-31
Cass,Chittenden,243,2023-06-20
Lilith,Fernant,244,2005-03-02
Reynard,Chenery,245,2020-10-21
Boycey,Bhatia,246,2003-04-08
Eula,Haley,247,2010-03-03
Alfy,Raggles,248,2010-04-10
Sarine,Gueny,249,2016-02-18
Charis,Cumo,250,2023-10-17
Brigham,Jesteco,251,2021-06-09
Amalita,Bruck,252,2007-03-03
Melamie,Bentham,253,2009-11-15
Keelia,Cawthorne,254,2006-08-29
Derwin,Grayley,255,2024-02-22
Charita,Burdikin,256,2006-09-21
Deanne,Bedinham,257,2019-07-30
Fanya,Ebbings,258,2001-04-23
Marcellina,Tomik,259,2024-05-30
Marcela,Vasovic,260,2008-09-28
Dani,Mapstone,261,2011-02-02
Lindie,Verne,262,2014-10-20
Genna,Reape,263,2019-07-28
Nikaniki,Oughton,264,2012-01-31
Arlie,Cantillion,265,2014-10-16
Carey,Durbann,266,2012-08-21
Vivyan,Cattel,267,2015-02-10
Justine,Cockburn,268,2010-08-08
Christopher,Wildblood,269,2000-12-15
Ashlie,Pock,270,2000-12-03
Liane,Durden,271,2022-02-17
Eden,Cricket,272,2013-08-21
Isac,Goodbarne,273,2014-07-20
Emlen,Freestone,274,2005-04-24
Enos,Gethings,275,2019-05-23
Aldis,MacUchadair,276,2015-03-11
Missy,Brennand,277,2008-06-26
Marcellina,Fido,278,2017-09-22
Meggy,Gionettitti,279,2018-08-29
Noami,Skillanders,280,2016-12-09
Millisent,Rosindill,281,2017-07-28
Fiona,Garken,282,2021-06-23
Kissiah,Stutter,283,2002-01-06
Filip,Nystrom,284,2023-08-31
Alvie,Maris,285,2020-06-23
Ranna,Caraher,286,2019-01-29
Patricia,Igounet,287,2003-02-12
Callida,Eltone,288,2025-01-03
Maribelle,Duthy,289,2017-11-06
Bale,Micklewright,290,2024-03-09
Sidney,Verni,291,2013-09-18
Annalee,Lindwasser,292,2004-05-10
Tiffanie,Caulton,293,2021-08-12
Hadrian,Rivenzon,294,2013-05-28
Gothart,Rushman,295,2006-04-11
Lucho,Jose,296,2004-03-12
Renard,Potte,297,2009-01-17
Wynn,Durno,298,2007-09-17
Meagan,Rowcliffe,299,2012-08-27
Devi,Emmerson,300,2005-07-29
Kesley,Rablan,301,2021-05-18
Thomas,Stive,302,2002-04-25
Carmine,Robillart,303,2024-02-04
Ramonda,Strangeway,304,2006-08-07
Hillel,Campbell,305,2018-06-20
Ara,Crummie,306,2022-12-18
Megen,Earie,307,2023-05-29
Athena,Mackness,308,2009-02-01
Shara,Strelitzer,309,2002-10-10
Corrie,Cocking,310,2024-08-11
Redford,Deeming,311,2001-05-31
Brion,Oakey,312,2022-04-02
Isak,Clarke-Williams,313,2017-12-22
Tann,Vuittet,314,2006-05-23
Ab,Martinets,315,2022-12-07
Stanislaus,Kingh,316,2022-11-15
Rowney,Hornung,317,2002-01-23
Ingar,Shooter,318,2023-05-08
Cherilyn,Matonin,319,2021-11-07
Alane,Wrankling,320,2009-10-07
Elianore,Belbin,321,2014-01-11
Fifine,Pocke,322,2002-07-07
Tish,Ivashchenko,323,2004-01-18
Darya,Damerell,324,2016-01-17
Theodor,Claibourn,325,2017-12-19
Nil,Deshorts,326,2000-12-01
Markos,Fairburne,327,2012-11-14
Fairlie,Jonah,328,2018-11-01
Theresita,Mathieson,329,2011-07-20
Freeman,Frape,330,2018-07-10
Alia,Franschini,331,2022-09-10
Eleanore,Wasteney,332,2008-06-19
Nathanial,Artingstall,333,2015-11-25
Ronny,Caffin,334,2004-01-30
June,Cullington,335,2011-02-12
Faina,Chastelain,336,2016-08-07
Merla,Gowland,337,2017-03-09
Gene,Windham,338,2024-07-08
Lon,Sally,339,2018-04-19
Marty,Seabright,340,2011-04-03
Marti,Lundy,341,2011-03-29
Cathy,Dench,342,2020-01-31
Muire,Sirkett,343,2006-11-24
Erda,Bilney,344,2015-06-06
Irena,Halso,345,2021-12-13
Stephi,Botha,346,2013-04-07
Jessy,Pischel,347,2013-02-22
Ellette,Shearme,348,2017-03-05
Hercules,Harbertson,349,2007-02-24
Tailor,Shower,350,2002-06-03
Jonah,Cossar,351,2005-01-23
Levy,Porritt,352,2009-01-07
Collie,Perse,353,2021-01-10
Port,Oram,354,2008-04-14
Mark,Grafhom,355,2009-04-25
Ole,Castrillo,356,2003-04-16
Khalil,Jozwik,357,2003-11-20
Robin,Boorman,358,2020-10-18
Jarad,Imort,359,2022-09-15
Dorella,Gabel,360,2006-12-13
Maritsa,Keeves,361,2004-11-02
Ignacius,Beebe,362,2016-05-29
Valry,O'Gormally,363,2015-06-22
Keefe,Giacovazzo,364,2009-01-11
Carina,Pancost,365,2011-11-15
Cynde,McClean,366,2015-06-11
Adrian,Kores,367,2008-11-25
Fleming,Schoolfield,368,2014-05-24
Cristie,Fishpoole,369,2011-06-13
Andee,Ferencz,370,2001-04-08
Krispin,Osmar,371,2002-12-15
Tomkin,Grogono,372,2002-11-09
Belle,Clayfield,373,2014-11-04
Kimmy,Geeves,374,2014-05-20
Tadeo,Cahalin,375,2012-06-09
Tobi,Idwal Evans,376,2011-12-09
Anthe,Branthwaite,377,2004-07-28
Channa,Gori,378,2013-05-31
Deborah,Peirson,379,2011-06-16
Marty,Lowrance,380,2003-08-07
Peria,Peto,381,2017-03-12
Elberta,Levene,382,2013-07-20
Romain,Ipplett,383,2011-04-11
Germain,Despenser,384,2017-07-07
Darb,Whitelaw,385,2008-11-21
Joly,Laven,386,2000-08-21
Krystal,Sapir,387,2002-09-27
Elisabetta,Belin,388,2024-09-16
Sophronia,Pywell,389,2017-12-23
Urbain,Southeran,390,2014-04-25
Daryl,Tudor,391,2002-03-31
Gabriello,Adamo,392,2024-02-13
Darline,Rainsbury,393,2007-09-07
Henka,Cuss,394,2001-06-05
Gordie,MacDirmid,395,2007-09-04
Amata,Lonsdale,396,2007-04-18
Yard,Bootell,397,2017-02-26
Annabela,Spurdens,398,2011-03-28
Eunice,Brezlaw,399,2020-07-18
Clarine,Squier,400,2003-05-03
Gustavus,Blofeld,401,2021-07-20
Warde,Giffon,402,2006-07-12
Fairfax,Braybrooks,403,2020-02-25
Emelia,Rumney,404,2005-02-10
Fernandina,Druery,405,2002-03-29
Tiebout,Wonham,406,2006-04-23
Umeko,Fleetwood,407,2009-12-12
Cyndy,Attkins,408,2003-12-16
Lauree,Morson,409,2005-02-16
Maxy,Gatus,410,2004-08-19
Freddi,Cranefield,411,2012-03-17
Tiphanie,Shone,412,2014-12-22
Dominick,Cuttelar,413,2008-07-18
Etta,Slaght,414,2006-09-04
Sarge,Rickersey,415,2015-09-17
Ingamar,Burgisi,416,2018-12-27
Fred,Passler,417,2011-06-26
Alicia,Androli,418,2022-06-07
Sumner,Morilla,419,2010-07-30
Karilynn,Piddock,420,2014-06-28
Stacee,Matoshin,421,2016-08-31
Rayner,Strother,422,2025-01-20
Ardyce,Klinck,423,2013-05-11
Teri,Kunes,424,2010-03-02
Hilliary,Roch,425,2001-08-03
Spike,Virgo,426,2023-05-01
Lucien,Chieco,427,2009-12-08
Jocelyn,Pigram,428,2015-08-06
Jemima,Cramp,429,2023-08-31
Neddy,Powys,430,2001-01-09
Iain,Anderson,431,2018-11-16
Burnard,Peterkin,432,2015-05-30
Laurent,Rauprich,433,2001-02-13
Beck,De Cruze,434,2006-01-29
Suellen,Fishbourne,435,2001-12-18
Claretta,Pleat,436,2023-09-27
Padgett,Frew,437,2013-08-28
Sheffy,Bagge,438,2014-05-15
Ernie,Gaven,439,2019-08-04
Mable,Jordi,440,2020-03-15
Barthel,Pala,441,2013-12-21
Florence,Speakman,442,2020-11-03
Lane,Girogetti,443,2005-11-19
Brade,Lapsley,444,2019-10-04
Ophelie,Mathiassen,445,2020-03-18
Hali,Benge,446,2000-07-09
Hewie,Di Ruggero,447,2005-09-07
Karissa,Cancutt,448,2006-09-22
Bennie,Stone Fewings,449,2018-03-16
Rosemaria,Sisland,450,2006-03-24
Sonny,Seebright,451,2012-12-29
Zilvia,Vedyaev,452,2021-02-07
Corby,Lapham,453,2002-11-24
Ginnie,Fysh,454,2005-12-07
Min,Ordidge,455,2020-03-10
Jessamine,Grabham,456,2000-05-03
Celine,Scoines,457,2011-02-14
Claudette,Brend,458,2022-05-15
Svend,Brenneke,459,2013-02-20
Binnie,Jenne,460,2000-08-11
Sacha,Vowels,461,2023-08-27
Berkeley,Calow,462,2019-01-16
Charis,Bahike,463,2018-05-15
Mommy,Fredi,464,2016-12-09
Rebecca,Kleisle,465,2000-12-16
Lexine,Kytter,466,2003-07-20
Sayre,Siemantel,467,2023-10-16
Siouxie,Ojeda,468,2014-05-03
Ewell,Tieraney,469,2009-12-10
Darsey,Lared,470,2023-12-08
Vivianne,Windress,471,2016-03-15
Stanton,Layson,472,2009-02-25
Rosa,Fruish,473,2016-04-14
Kennedy,Richford,474,2005-07-10
Courtnay,O'Kinedy,475,2022-03-25
Ellene,Eads,476,2007-05-07
Winston,Portingale,477,2010-12-28
Jenda,Masurel,478,2018-07-13
Nadeen,Binch,479,2004-11-22
Tye,Eby,480,2019-07-03
Lorita,Arney,481,2019-08-08
Vinnie,McFetrich,482,2023-05-25
Joann,Szwarc,483,2017-05-04
Claiborne,Sutor,484,2000-02-26
Kim,Bleddon,485,2006-08-01
Maximo,Adamovitz,486,2012-10-31
Fidelio,Crathern,487,2009-12-01
Dulci,Evershed,488,2009-09-11
Grannie,Kelcher,489,2015-11-07
Hedi,Leppo,490,2010-08-22
Brigitte,Calven,491,2016-03-01
Reynard,Di Matteo,492,2022-05-12
Torrance,McCleod,493,2009-02-13
Osbourne,Dohrmann,494,2015-08-21
Vonnie,Blodget,495,2018-03-09
Amery,Dilger,496,2014-05-11
Craggy,Liggons,497,2025-02-05
Sasha,Astle,498,2013-01-28
Corny,Jansie,499,2001-10-10
Carmelita,Blues,500,2022-06-18
Ruthie,Ives,501,2006-12-05
Netta,Ciccottini,502,2019-02-02
Kathe,Gable,503,2000-12-11
Glenden,Reading,504,2000-09-22
Paule,Seide,505,2003-10-10
Denney,Karpe,506,2021-07-14
Adamo,McIllrick,507,2006-12-13
Magnum,McCaughren,508,2019-07-14
Demetri,Billie,509,2006-02-18
Jobina,Hardage,510,2001-02-19
Addia,Coldicott,511,2013-06-08
Sharai,Semble,512,2007-12-26
Adelaide,House,513,2015-12-21
Evered,Yukhnevich,514,2007-07-15
Ingmar,Blaxill,515,2019-11-05
Chucho,McDonogh,516,2012-05-21
Franchot,Episcopio,517,2022-09-07
Tally,Waddoups,518,2009-09-04
Yelena,Elcy,519,2019-12-30
Gale,Andrey,520,2017-10-19
Diana,Paley,521,2022-08-25
Thedrick,Mattheissen,522,2003-06-04
Hobart,Volet,523,2000-06-16
Delphinia,Merveille,524,2001-12-11
Reina,Steade,525,2022-07-06
Abra,Geroldi,526,2021-07-24
Lyman,Benzies,527,2013-02-13
Chandler,Trayte,528,2024-08-26
Claire,Ryhorovich,529,2023-10-19
Atlanta,Flecknell,530,2013-12-13
Rory,Mation,531,2004-05-11
Brodie,Knowlys,532,2018-06-09
Thibaut,Nast,533,2012-07-21
Dacia,Burrass,534,2005-12-17
Robyn,Abthorpe,535,2014-07-18
Ely,Stowers,536,2014-03-29
Rhianna,Wegner,537,2015-06-21
Somerset,Greguoli,538,2008-04-02
Welsh,Ranstead,539,2015-03-29
Valery,Garret,540,2018-10-03
Stavro,Tickel,541,2017-07-06
Elayne,Schrader,542,2020-12-25
Stavros,Gringley,543,2017-07-25
Sofia,Carrane,544,2015-03-05
Bertie,Busson,545,2012-08-29
Mercie,Pointing,546,2017-10-17
Storm,Holdworth,547,2008-09-29
Tallie,Cattle,548,2007-05-12
Hurleigh,Hounsom,549,2009-01-02
Darelle,Hawsby,550,2012-09-02
Collin,Wells,551,2009-09-02
Steffie,Gronous,552,2008-01-22
Joshuah,Ducroe,553,2005-03-03
Colet,Dibben,554,2017-02-05
Eal,Glazyer,555,2019-04-09
Willey,Delcastel,556,2023-10-31
Aveline,Alner,557,2005-10-26
Sibelle,Mallinar,558,2010-05-03
Ursola,Culleton,559,2012-01-21
Rayshell,Stanislaw,560,2022-08-18
Margit,Starkie,561,2000-04-25
Mano,Cansdill,562,2006-02-12
Brandon,Pascall,563,2016-04-30
Sapphire,Shanahan,564,2022-09-30
Cam,Friett,565,2001-09-20
Thain,Lyston,566,2003-06-20
Alexandr,Lubomirski,567,2018-03-07
Tilda,Inglese,568,2010-03-15
Dniren,Grennan,569,2011-08-16
Gerrie,Kibbee,570,2019-01-28
Catlaina,Josh,571,2003-04-02
Kellina,McGarvey,572,2010-08-23
Erie,Eilhersen,573,2006-03-02
Fredericka,Clouter,574,2004-12-18
Cherianne,Wilmot,575,2013-04-25
Matilda,Leasor,576,2004-12-20
Dido,Rosenbloom,577,2002-12-12
Freeman,Lere,578,2007-08-20
Amie,Wyburn,579,2021-10-11
Towney,Perham,580,2007-09-21
Pauline,Ormrod,581,2003-04-09
Loren,Horsewood,582,2004-08-13
Clerc,Ravenshear,583,2004-09-24
Meyer,Gregoire,584,2024-05-15
Madge,Luddy,585,2022-10-14
Pauli,Edwin,586,2010-09-30
Morgun,Beckhouse,587,2009-12-03
Alberta,Mattiussi,588,2021-07-28
Jaimie,Drinkale,589,2022-10-21
Dill,Revan,590,2016-01-18
Bettina,Jarrette,591,2004-07-19
Yolande,Houtbie,592,2021-08-02
Kordula,Andrieu,593,2011-08-31
Allin,Baudy,594,2000-08-23
Channa,Jeacock,595,2016-04-30
Alano,Boatright,596,2021-02-04
Penrod,Clyde,597,2022-05-11
Rodger,Hyatt,598,2024-05-09
Bren,Tourry,599,2004-02-17
Nahum,Stienton,600,2022-07-04
Adara,Curl,601,2022-11-24
Kevon,Ellen,602,2004-06-23
Winny,Pietasch,603,2021-03-03
Benedick,Spring,604,2015-05-06
Marlo,Saintpierre,605,2018-08-21
Clo,Gianneschi,606,2013-01-31
Conrado,Barnewall,607,2018-07-12
Hugh,Bastistini,608,2017-03-30
Grover,Esby,609,2007-10-04
Leonidas,Kelshaw,610,2009-12-14
Melli,Blunkett,611,2016-08-06
Mic,Niezen,612,2011-03-25
Dael,Blanche,613,2023-10-14
Herculie,Trustey,614,2004-03-28
Athene,Sayburn,615,2007-05-09
Janeczka,Piola,616,2003-06-21
Demeter,Domenichini,617,2005-10-28
Jesse,Withringten,618,2011-03-04
Feodor,Stollsteiner,619,2009-02-10
Kevan,MacAndie,620,2020-08-21
Raeann,Shoobridge,621,2018-06-15
Dorothea,Yeend,622,2010-05-09
Marigold,Goodhay,623,2002-07-10
Corly,Heaker,624,2015-04-06
Toddy,Blanchette,625,2011-07-17
Caty,Lepick,626,2005-04-17
Cariotta,Ellwell,627,2022-02-15
Morissa,Tewkesbury,628,2000-08-18
Kath,Rusling,629,2020-04-30
Blithe,Jagson,630,2019-02-14
Cristi,Hacquel,631,2017-06-06
Benedicta,Extal,632,2024-12-11
Teodoro,Cicetti,633,2002-09-05
Emyle,McRonald,634,2020-05-26
Samaria,Gingell,635,2000-07-31
Ardene,Troyes,636,2002-06-15
Luis,Van Oort,637,2014-11-22
Jan,Tidbold,638,2005-07-08
Benjy,Phizacklea,639,2008-07-18
Meade,Hyndley,640,2012-10-11
Karlik,Lovitt,641,2014-10-27
Erina,Cadagan,642,2004-10-15
Giorgia,Upstone,643,2014-07-27
Pierrette,Paolozzi,644,2011-09-27
Crystie,Maplethorp,645,2014-02-03
Kiersten,Imlin,646,2021-12-15
Jamaal,Keston,647,2000-06-29
Erin,Gayton,648,2003-08-31
Osmond,Parradine,649,2000-03-06
Anderea,Baldung,650,2019-09-01
Lowrance,Cashley,651,2024-02-02
Constancia,Coste,652,2003-07-14
May,Grishkov,653,2008-05-30
Lemuel,Fitton,654,2006-04-10
Maisey,Wickstead,655,2021-06-11
Grata,Kearton,656,2000-08-04
Aguistin,Ghest,657,2007-12-21
Maximilianus,Milnthorpe,658,2010-12-07
Arlin,Haycox,659,2006-09-15
Rocky,Stranger,660,2011-01-19
Tedie,Hillett,661,2015-05-24
Stearne,Koubek,662,2001-03-20
Babara,Doxey,663,2007-11-02
Alaster,Slany,664,2021-12-21
Ferdinande,Klaus,665,2015-03-27
Gianni,Sidlow,666,2007-10-04
Weidar,Strapp,667,2012-09-08
Wilfred,Eadon,668,2010-04-08
Willdon,McKinnon,669,2020-02-21
Benji,Minshall,670,2018-05-02
Foster,Canfer,671,2011-12-30
Hedi,Szanto,672,2014-05-12
Merle,Kinker,673,2013-04-27
Felicio,Babcock,674,2011-12-22
Duffy,Layland,675,2001-06-14
Gratia,Neilson,676,2007-01-10
Lethia,Janus,677,2012-10-28
Heinrik,Newvill,678,2016-12-03
Kayle,Kervin,679,2002-07-04
Joann,Jeffree,680,2009-09-04
Cassie,Simonson,681,2012-01-02
Crystie,Beine,682,2023-10-15
Carroll,Buten,683,2019-06-24
Marchall,Haugen,684,2016-05-13
Larine,Muckart,685,2017-08-27
Kennan,Stronack,686,2003-01-08
Umeko,Lghan,687,2013-04-05
Berke,Largent,688,2005-06-15
Ashly,Middis,689,2011-02-09
Ruth,Moland,690,2010-07-05
Thekla,Labusquiere,691,2015-09-07
Emery,Felton,692,2022-07-08
Clarance,Chill,693,2002-04-08
Filippo,Ney,694,2000-09-09
Min,Earengey,695,2012-10-12
Phylis,Marriage,696,2018-12-21
Timothee,Daingerfield,697,2015-07-28
Marcellina,Rontsch,698,2002-09-30
Ernesta,Alexsandrowicz,699,2013-11-24
Leoline,Issatt,700,2009-10-21
Alyssa,Dunwoody,701,2016-03-04
Clemence,Balderston,702,2016-11-19
Yolanda,Currin,703,2006-09-12
Jemie,Tanman,704,2006-02-25
Tomas,Eixenberger,705,2005-08-02
Ricardo,Storek,706,2017-05-26
Brade,Kloisner,707,2000-11-08
Dalli,Bryde,708,2012-01-28
Nisse,Ingreda,709,2018-03-07
Karrie,Brocklehurst,710,2016-10-05
Syman,Gorvin,711,2018-01-25
Cordie,Royste,712,2002-05-03
Agnesse,Hatherleigh,713,2002-01-16
Alyson,Trahmel,714,2001-09-05
Amity,Boast,715,2022-07-31
June,Thickett,716,2008-02-07
Christopher,Hasling,717,2006-09-23
Myriam,Kochl,718,2013-09-30
Ramsay,Streeten,719,2014-10-04
Pietrek,Mobberley,720,2006-02-11
Konstanze,Cowpe,721,2005-04-09
Amalia,Dillinton,722,2019-06-30
Denver,Waliszek,723,2019-11-10
Bradney,Samson,724,2018-10-13
Ryon,Schubbert,725,2018-08-31
Arlyn,Jeffress,726,2001-06-04
Benjie,Redfern,727,2017-10-02
Sol,Ellse,728,2023-07-10
Paolo,Jaray,729,2000-08-27
Crawford,Necrews,730,2014-07-14
Emmet,Staresmeare,731,2005-04-08
Luca,Sapson,732,2011-07-24
Larissa,Buggy,733,2014-09-07
Theobald,Biggins,734,2022-07-01
Kendricks,Ethridge,735,2009-10-26
Lammond,Rotherforth,736,2019-05-07
Pablo,Piatto,737,2018-05-31
Porter,Bierling,738,2010-09-25
Howey,Tomblett,739,2017-01-11
Chauncey,Loveland,740,2013-03-03
Whitaker,Udie,741,2012-02-02
Reggie,Jovic,742,2023-09-08
Latrena,Vasilevich,743,2004-10-03
Rudolf,McCrorie,744,2013-02-10
Evelyn,Trow,745,2008-12-24
Geoffry,Ambroisin,746,2007-07-04
Monica,Parkes,747,2021-02-09
Alina,Bearcroft,748,2024-07-31
Petronella,Chattoe,749,2000-04-04
Tracy,Ccomini,750,2003-05-09
Agnese,McKeney,751,2002-11-18
Chris,Crielly,752,2010-06-18
Penelope,Brimson,753,2010-07-05
Ronnica,Janz,754,2014-12-16
Yank,Ciccerale,755,2012-03-08
Ceil,de Leon,756,2022-06-13
Dionis,Cashell,757,2008-09-29
Wilburt,McQuirter,758,2015-12-11
Karalee,Dorwood,759,2014-10-28
Bobette,Sumers,760,2003-09-11
Niven,Ellick,761,2003-02-11
Valentine,Jurgenson,762,2023-11-24
Standford,Peedell,763,2013-10-27
Gerald,Conechie,764,2013-08-11
Jeanie,McKenny,765,2011-08-29
Danila,Foucher,766,2013-02-21
Selene,Langer,767,2012-04-01
Vivia,Tofpik,768,2024-08-08
Marjory,Cocks,769,2020-08-01
Philomena,Neising,770,2017-05-07
Meggi,Rains,771,2021-08-13
Deeann,Springell,772,2017-12-08
Alfons,Onele,773,2008-04-29
Bobine,Aiton,774,2001-11-16
Rachele,Hirtz,775,2000-11-27
Sherm,Keward,776,2021-03-25
Kelsi,Killwick,777,2005-01-16
Rafi,Hradsky,778,2011-02-10
Mahmud,Payfoot,779,2011-05-23
Leone,Purshouse,780,2014-09-20
Oswell,Glacken,781,2012-01-12
Helyn,Semour,782,2019-04-06
Jone,McCleverty,783,2005-10-21
Leslie,Hubbucks,784,2012-08-22
Allayne,Kimbly,785,2009-12-08
Sonnie,Brunel,786,2007-11-07
Haleigh,Turle,787,2022-12-31
Jed,Bortolutti,788,2014-12-26
El,Marikhin,789,2019-05-07
Sibley,Boome,790,2024-12-31
Celestine,Gingedale,791,2001-08-25
Phillida,Durston,792,2018-12-21
Lira,Went,793,2007-07-09
Maegan,McNysche,794,2007-12-25
Judith,Fillery,795,2012-10-25
Lucais,Reynault,796,2016-10-21
Dorri,Dobrowski,797,2013-04-07
Margy,Hammill,798,2004-03-09
Alfons,Bernhardt,799,2018-05-27
Ryun,Tomadoni,800,2011-10-02
L;urette,Girt,801,2003-11-26
Shaun,Pendrid,802,2005-03-26
Sheila-kathryn,Sanchez,803,2024-03-01
See,Fairhurst,804,2022-10-12
Gray,Craig,805,2009-04-24
King,Toombs,806,2013-10-20
Shepherd,Angrave,807,2004-10-20
Angel,Sweating,808,2018-01-30
Trixi,Duberry,809,2002-12-08
Neila,Chaize,810,2021-12-19
Camille,Josskowitz,811,2023-08-31
Deva,Tomkys,812,2023-08-21
Deina,Station,813,2019-08-07
Dela,Oliveto,814,2022-12-11
Cissy,Purves,815,2015-05-31
Gardner,Paulusch,816,2012-12-19
Byrle,Matzkaitis,817,2012-12-09
Farra,Laxen,818,2007-03-03
Jolie,Read,819,2004-04-04
Fabien,Marciskewski,820,2013-03-08
Willy,Tyreman,821,2020-01-11
Thorstein,Lassetter,822,2024-07-21
Ingaborg,Bowling,823,2008-07-23
Nicholle,Colcomb,824,2017-02-28
Terri,Stowe,825,2004-07-17
Josie,Torrans,826,2000-05-05
Violetta,Fearey,827,2007-08-14
Julia,Cicullo,828,2006-12-05
Carina,Bosher,829,2005-04-14
Winifield,Veillard,830,2011-03-01
Davida,Myner,831,2006-08-21
Mario,Yarranton,832,2002-10-12
Krystal,Hutcheons,833,2005-03-27
Hallsy,Zanolli,834,2002-07-08
Pieter,Batson,835,2015-02-07
Frants,Swalwel,836,2008-08-31
Cammie,Frise,837,2016-04-23
Tedman,Cropton,838,2005-09-06
Ignaz,Bench,839,2016-03-20
Tresa,Cohrs,840,2002-05-19
Vivi,Gavahan,841,2000-03-08
Ariana,Jedrzaszkiewicz,842,2011-07-01
Bevan,Winscum,843,2006-08-20
Verine,Priestley,844,2002-02-02
Vallie,Chong,845,2020-10-09
Mead,Zukerman,846,2018-09-12
Theda,Chick,847,2018-07-21
Florencia,Wiggington,848,2000-07-02
Alaric,Deuss,849,2003-02-27
Barnard,Kerwood,850,2012-03-03
Basilius,Brimicombe,851,2021-03-16
Lorette,Halpeine,852,2010-09-28
Jannelle,Crutchley,853,2001-06-08
Liane,Dillamore,854,2019-04-29
Ailyn,Terren,855,2011-04-17
Cos,Yeowell,856,2008-02-04
Danila,Goundrill,857,2002-08-13
Devlin,Pryor,858,2015-05-31
Bank,Shalliker,859,2019-01-14
Rurik,Filgate,860,2015-01-04
Jacquie,Kochs,861,2005-08-18
Jayne,Lammerding,862,2019-10-03
Noam,Tricker,863,2005-12-20
Kristine,Wethers,864,2004-04-16
Reinwald,Girardot,865,2001-05-03
Benton,Dener,866,2009-01-25
Blondelle,Longford,867,2008-10-09
Leticia,Arnell,868,2001-08-18
Erik,Blasdale,869,2004-08-22
Starlin,Burder,870,2019-02-19
Lindie,Defty,871,2004-06-13
Rhodie,Thewles,872,2024-09-05
Olin,Lansberry,873,2004-12-25
Theo,Dibble,874,2021-07-28
Nicolle,Gostick,875,2024-01-29
Saunders,Collomosse,876,2015-07-03
Abagail,Schleswig-Holstein,877,2008-01-10
Datha,Durante,878,2001-11-08
Dyann,Ferruzzi,879,2008-12-12
Way,Rebichon,880,2019-03-21
Corrie,Romayne,881,2014-07-17
Letti,Clearie,882,2007-08-28
Mommy,Pavlasek,883,2023-02-28
Elberta,Chant,884,2019-02-10
Lulita,Moreside,885,2002-07-16
Payton,Weller,886,2011-05-23
Marv,Murrison,887,2024-02-16
Tadd,Spoure,888,2005-06-18
Renie,Rasp,889,2001-05-06
Gasper,Hinrich,890,2003-09-23
Harbert,Shitliffe,891,2002-01-14
Edie,McCrudden,892,2018-03-08
Jo ann,Turn,893,2021-11-28
Jillian,Garnham,894,2006-07-06
Darsey,Tomblings,895,2017-10-16
Catha,Hassen,896,2020-08-15
Creigh,Sebastian,897,2007-12-05
Patty,McCrum,898,2015-06-14
Sheeree,Darko,899,2024-08-26
Kylie,Niblett,900,2000-10-18
Heda,Edgworth,901,2004-01-10
Jocko,Wibberley,902,2016-09-26
Louie,Gaughan,903,2003-03-30
Townsend,Mavin,904,2012-07-23
Lacey,Goldney,905,2005-09-11
Emmy,Stoyles,906,2021-04-27
Wit,Seeney,907,2001-11-28
Trina,McPeake,908,2008-06-17
Harmon,Stobbe,909,2022-03-15
Web,Robelet,910,2012-09-14
Bernette,Limbrick,911,2009-11-13
Gard,Blackwood,912,2001-11-29
Ned,Botterman,913,2007-02-25
Freddy,Fligg,914,2014-02-18
Cole,Le land,915,2000-05-08
Maryellen,Coplestone,916,2004-02-23
Jens,Nason,917,2016-07-03
Shelley,Langfat,918,2016-02-28
Cherrita,Brookhouse,919,2018-01-12
Yelena,Van den Bosch,920,2011-04-21
Nicolais,Kielt,921,2018-10-06
Teador,Scott,922,2002-12-14
Archambault,Splaven,923,2006-05-29
Raina,Gilliver,924,2021-12-09
Guinna,Cawthery,925,2017-11-30
Wesley,Merrill,926,2019-05-11
Krissie,Golsthorp,927,2022-05-04
Claus,O'Lyhane,928,2002-05-21
Dewey,McAuliffe,929,2007-09-01
Zea,Tineman,930,2018-09-11
Esther,Josefsohn,931,2007-03-10
Rebecka,Norree,932,2001-02-14
Shel,Kayes,933,2000-06-08
Leigh,Kaine,934,2021-05-01
Dorree,Seneschal,935,2011-09-28
Emlen,Castaner,936,2009-11-02
Lira,Rackam,937,2000-05-13
Kippar,Songest,938,2005-04-30
Amberly,Inde,939,2009-08-03
Robena,Gilby,940,2023-01-31
Emmaline,Croote,941,2004-06-24
Alys,Hiscocks,942,2009-09-22
Sully,Staziker,943,2012-03-25
Marci,Lovelock,944,2021-07-14
Anthiathia,O'Cannavan,945,2003-04-12
Anette,Haysham,946,2024-02-15
Bunny,Biskupski,947,2018-10-07
Tucker,Snook,948,2007-04-09
Brandy,Merriton,949,2006-03-30
Marlow,Broadbent,950,2016-08-08
Bernhard,Algeo,951,2003-03-04
Sherye,Rubenovic,952,2012-07-16
Aloysia,Rime,953,2013-12-06
Amara,Burnyate,954,2021-04-28
Mirella,McLaughlan,955,2009-02-02
Gertrud,Freezer,956,2017-05-31
Kay,Brockington,957,2000-07-28
Estel,Antoniou,958,2012-04-04
Rhetta,Stutter,959,2012-03-15
Berny,Goretti,960,2021-06-12
Lazar,Minet,961,2005-12-09
Xavier,Zorro,962,2023-09-16
Yulma,Toye,963,2007-03-01
Gonzalo,Shildrake,964,2006-07-31
Lynde,O'Doohaine,965,2003-01-31
Hilarius,Esterbrook,966,2015-02-26
Susanetta,Ravilus,967,2010-01-05
Salvidor,Albery,968,2015-05-15
Jenelle,Cristobal,969,2019-11-24
Thor,Munehay,970,2014-07-10
Blinni,Melato,971,2010-09-04
Anna-diana,Carine,972,2003-09-07
Donny,Nussii,973,2024-02-16
Carlos,Forestel,974,2010-12-03
Kilian,Newlan,975,2022-07-12
Nap,Walburn,976,2001-06-24
Giles,Yankishin,977,2019-09-13
Curcio,Filer,978,2019-07-19
Skell,Spykins,979,2003-07-27
Jedd,Osan,980,2001-02-02
Adolpho,Povall,981,2006-01-12
Abigael,Gartsyde,982,2015-07-14
Vanya,Bondy,983,2000-08-26
Cornelle,Smeaton,984,2010-07-20
Diana,Lamont,985,2015-09-05
Cherey,Hynson,986,2002-02-15
Tarrah,Bricknell,987,2021-08-09
Reiko,Tonna,988,2012-09-17
Curry,Tuxill,989,2006-01-14
Zedekiah,Reaman,990,2012-07-06
Kerwin,Dowda,991,2006-09-12
Milicent,Randlesome,992,2001-02-16
Crosby,Wasmer,993,2001-09-13
Camille,Cradduck,994,2019-08-15
Christyna,Taks,995,2002-01-16
Blane,Alloway,996,2018-04-13
Lexie,Thorp,997,2007-11-26
Alana,Duly,998,2000-06-13
Enrika,Feldbaum,999,2020-03-18
Ive,Lewson,1000,2020-02-28
